รหัสรายการ,วันที่,ห้อง,ชื่อลูกค้า,จำนวนเงิน,ช่องทางชำระ,ไฟล์ต้นทาง
RCP000054,31/01/2026,B103,1,400.0,โอนมัลติ,สรุปบัญชีรายรับรายจ่าย มกราคม ถึง กุมภาพันธ์ ๒๕๖๙
RCP000055,31/01/2026,B106,1,400.0,โอนมัลติ,สรุปบัญชีรายรับรายจ่าย มกราคม ถึง กุมภาพันธ์ ๒๕๖๙
RCP000051,29/01/2026,B101,1,400.0,โอนบัญชี,สรุปบัญชีรายรับรายจ่าย มกราคม ถึง กุมภาพันธ์ ๒๕๖๙
RCP000052,29/01/2026,B109,1,400.0,โอนมัลติ,สรุปบัญชีรายรับรายจ่าย มกราคม ถึง กุมภาพันธ์ ๒๕๖๙
RCP000053,29/01/2026,B107,1,400.0,โอนมัลติ,สรุปบัญชีรายรับรายจ่าย มกราคม ถึง กุมภาพันธ์ ๒๕๖๙
RCP000049,27/01/2026,B103,1,400.0,โอนมัลติ,สรุปบัญชีรายรับรายจ่าย มกราคม ถึง กุมภาพันธ์ ๒๕๖๙
RCP000050,27/01/2026,B107,1,400.0,โอนมัลติ,สรุปบัญชีรายรับรายจ่าย มกราคม ถึง กุมภาพันธ์ ๒๕๖๙
RCP000048,26/01/2026,A105,1,400.0,โอนมัลติ,สรุปบัญชีรายรับรายจ่าย มกราคม ถึง กุมภาพันธ์ ๒๕๖๙
RCP000435,25/12/1968,B206,2,400.0,1007,2-3 สมุดบัญชีรายรับ-รายจ่าย
RCP000436,25/12/1968,A110,1,500.0,โอนบัญชี,2-3 สมุดบัญชีรายรับ-รายจ่าย
RCP000437,25/12/1968,B101,1,400.0,โอนบัญชี,2-3 สมุดบัญชีรายรับ-รายจ่าย
RCP000438,25/12/1968,B102,1,400.0,โอนบัญชี,2-3 สมุดบัญชีรายรับ-รายจ่าย
RCP000439,25/12/1968,B103,1,400.0,โอนบัญชี,2-3 สมุดบัญชีรายรับ-รายจ่าย
RCP000440,25/12/1968,B104,1,400.0,โอนบัญชี,2-3 สมุดบัญชีรายรับ-รายจ่าย
RCP000441,25/12/1968,B105,1,400.0,โอนบัญชี,2-3 สมุดบัญชีรายรับ-รายจ่าย
RCP000442,25/12/1968,B106,1,400.0,โอนบัญชี,2-3 สมุดบัญชีรายรับ-รายจ่าย
RCP000443,25/12/1968,B107,1,400.0,โอนบัญชี,2-3 สมุดบัญชีรายรับ-รายจ่าย
RCP000444,25/12/1968,A104,1,400.0,โอนบัญชี,2-3 สมุดบัญชีรายรับ-รายจ่าย
RCP000445,25/12/1968,A104,1,400.0,507,2-3 สมุดบัญชีรายรับ-รายจ่าย
RCP000446,25/12/1968,A111,1,400.0,โอนบัญชี,2-3 สมุดบัญชีรายรับ-รายจ่าย
RCP000447,25/12/1968,A111,1,400.0,407,2-3 สมุดบัญชีรายรับ-รายจ่าย
RCP000448,25/12/1968,N2,1,500.0,907,2-3 สมุดบัญชีรายรับ-รายจ่าย
RCP000449,25/12/1968,N7,1,500.0,1407,2-3 สมุดบัญชีรายรับ-รายจ่าย
RCP000450,25/12/1968,B108,1,400.0,โอนบัญชี,2-3 สมุดบัญชีรายรับ-รายจ่าย
RCP000451,25/12/1968,B109,1,400.0,โอนบัญชี,2-3 สมุดบัญชีรายรับ-รายจ่าย
RCP000452,25/12/1968,B110,1,400.0,โอนบัญชี,2-3 สมุดบัญชีรายรับ-รายจ่าย
RCP000453,25/12/1968,N1,1,600.0,โอนบัญชี,2-3 สมุดบัญชีรายรับ-รายจ่าย
RCP000454,25/12/1968,N1,1,600.0,โอนบัญชี,2-3 สมุดบัญชีรายรับ-รายจ่าย
RCP000455,25/12/1968,A101,1,400.0,โอนบัญชี,2-3 สมุดบัญชีรายรับ-รายจ่าย
RCP000456,25/12/1968,A101,1,400.0,1307,2-3 สมุดบัญชีรายรับ-รายจ่าย
RCP000457,25/12/1968,A102,1,400.0,1707,2-3 สมุดบัญชีรายรับ-รายจ่าย
RCP000458,25/12/1968,N3,1,500.0,2207,2-3 สมุดบัญชีรายรับ-รายจ่าย
RCP000403,24/12/1967,A202,2,400.0,โอนบัญชี,2-3 สมุดบัญชีรายรับ-รายจ่าย
RCP000404,24/12/1967,A108,1,500.0,1367,2-3 สมุดบัญชีรายรับ-รายจ่าย
RCP000405,24/12/1967,A109,1,500.0,โอนบัญชี,2-3 สมุดบัญชีรายรับ-รายจ่าย
RCP000406,24/12/1967,A102,1,400.0,1767,2-3 สมุดบัญชีรายรับ-รายจ่าย
RCP000407,24/12/1967,A104,1,400.0,2167,2-3 สมุดบัญชีรายรับ-รายจ่าย
RCP000408,24/12/1967,A103,1,400.0,2567,2-3 สมุดบัญชีรายรับ-รายจ่าย
RCP000409,24/12/1967,A105,1,400.0,โอนบัญชี,2-3 สมุดบัญชีรายรับ-รายจ่าย
RCP000410,24/12/1967,A106,1,500.0,โอนบัญชี,2-3 สมุดบัญชีรายรับ-รายจ่าย
RCP000411,24/12/1967,A107,1,500.0,โอนบัญชี,2-3 สมุดบัญชีรายรับ-รายจ่าย
RCP000412,24/12/1967,B201,2,400.0,โอนบัญชี,2-3 สมุดบัญชีรายรับ-รายจ่าย
RCP000413,24/12/1967,B202,2,400.0,โอนบัญชี,2-3 สมุดบัญชีรายรับ-รายจ่าย
RCP000414,24/12/1967,B203,2,400.0,โอนบัญชี,2-3 สมุดบัญชีรายรับ-รายจ่าย
RCP000415,24/12/1967,N7,1,500.0,โอนบัญชี,2-3 สมุดบัญชีรายรับ-รายจ่าย
RCP000416,24/12/1967,A101,1,400.0,โอนบัญชี,2-3 สมุดบัญชีรายรับ-รายจ่าย
RCP000417,24/12/1967,A201,2,400.0,โอนบัญชี,2-3 สมุดบัญชีรายรับ-รายจ่าย
RCP000418,24/12/1967,B111,1,500.0,โอนบัญชี,2-3 สมุดบัญชีรายรับ-รายจ่าย
RCP000419,24/12/1967,B204,2,400.0,โอนบัญชี,2-3 สมุดบัญชีรายรับ-รายจ่าย
RCP000420,24/12/1967,B205,2,400.0,โอนบัญชี,2-3 สมุดบัญชีรายรับ-รายจ่าย
RCP000421,24/12/1967,N6,1,600.0,โอนบัญชี,2-3 สมุดบัญชีรายรับ-รายจ่าย
RCP000422,24/12/1967,N2,1,500.0,โอนบัญชี,2-3 สมุดบัญชีรายรับ-รายจ่าย
RCP000423,24/12/1967,N3,1,500.0,โอนบัญชี,2-3 สมุดบัญชีรายรับ-รายจ่าย
RCP000427,24/12/1967,A209,2,400.0,โอนบัญชี,2-3 สมุดบัญชีรายรับ-รายจ่าย
RCP000428,24/12/1967,A209,2,400.0,1307,2-3 สมุดบัญชีรายรับ-รายจ่าย
RCP000429,24/12/1967,A210,2,400.0,โอนบัญชี,2-3 สมุดบัญชีรายรับ-รายจ่าย
RCP000430,24/12/1967,A210,2,400.0,1207,2-3 สมุดบัญชีรายรับ-รายจ่าย
RCP000431,24/12/1967,B105,1,400.0,โอนบัญชี,2-3 สมุดบัญชีรายรับ-รายจ่าย
RCP000432,24/12/1967,B106,1,400.0,โอนบัญชี,2-3 สมุดบัญชีรายรับ-รายจ่าย
RCP000433,24/12/1967,B107,1,400.0,โอนบัญชี,2-3 สมุดบัญชีรายรับ-รายจ่าย
RCP000434,24/12/1967,B211,2,400.0,Ascend,2-3 สมุดบัญชีรายรับ-รายจ่าย
RCP000047,24/01/2026,B106,1,400.0,โอนมัลติ,สรุปบัญชีรายรับรายจ่าย มกราคม ถึง กุมภาพันธ์ ๒๕๖๙
RCP000368,23/12/1968,A111,1,400.0,2282,2-3 สมุดบัญชีรายรับ-รายจ่าย
RCP000369,23/12/1968,A103,1,400.0,2682,2-3 สมุดบัญชีรายรับ-รายจ่าย
RCP000370,23/12/1968,A101,1,400.0,โอนบัญชี,2-3 สมุดบัญชีรายรับ-รายจ่าย
RCP000371,23/12/1968,A101,1,400.0,2582,2-3 สมุดบัญชีรายรับ-รายจ่าย
RCP000372,23/12/1968,A209,2,400.0,2982,2-3 สมุดบัญชีรายรับ-รายจ่าย
RCP000373,23/12/1968,A210,2,400.0,3382,2-3 สมุดบัญชีรายรับ-รายจ่าย
RCP000374,23/12/1968,B205,2,400.0,3782,2-3 สมุดบัญชีรายรับ-รายจ่าย
RCP000375,23/12/1968,B110,1,400.0,โอนบัญชี,2-3 สมุดบัญชีรายรับ-รายจ่าย
RCP000376,23/12/1968,N1,1,600.0,โอนบัญชี,2-3 สมุดบัญชีรายรับ-รายจ่าย
RCP000377,23/12/1968,B108,1,400.0,โอนบัญชี,2-3 สมุดบัญชีรายรับ-รายจ่าย
RCP000378,23/12/1968,B109,1,400.0,โอนบัญชี,2-3 สมุดบัญชีรายรับ-รายจ่าย
RCP000379,23/12/1968,N4,1,600.0,โอนบัญชี,2-3 สมุดบัญชีรายรับ-รายจ่าย
RCP000385,23/12/1968,A109,1,500.0,โอนบัญชี,2-3 สมุดบัญชีรายรับ-รายจ่าย
RCP000386,23/12/1968,A109,1,500.0,3082,2-3 สมุดบัญชีรายรับ-รายจ่าย
RCP000387,23/12/1968,A105,1,400.0,2482,2-3 สมุดบัญชีรายรับ-รายจ่าย
RCP000388,23/12/1968,A108,1,500.0,2982,2-3 สมุดบัญชีรายรับ-รายจ่าย
RCP000389,23/12/1968,A202,2,400.0,4082,2-3 สมุดบัญชีรายรับ-รายจ่าย
RCP000390,23/12/1968,A110,1,500.0,3482,2-3 สมุดบัญชีรายรับ-รายจ่าย
RCP000393,23/12/1968,A203,2,400.0,โอนบัญชี,2-3 สมุดบัญชีรายรับ-รายจ่าย
RCP000394,23/12/1968,A203,2,400.0,4382,2-3 สมุดบัญชีรายรับ-รายจ่าย
RCP000397,23/12/1968,B210,2,400.0,โอนบัญชี,2-3 สมุดบัญชีรายรับ-รายจ่าย
RCP000398,23/12/1968,B210,2,400.0,3982,2-3 สมุดบัญชีรายรับ-รายจ่าย
RCP000399,23/12/1968,B211,2,400.0,โอนบัญชี,2-3 สมุดบัญชีรายรับ-รายจ่าย
RCP000400,23/12/1968,B211,2,400.0,3882,2-3 สมุดบัญชีรายรับ-รายจ่าย
RCP000044,23/01/2026,B106,1,400.0,โอนมัลติ,สรุปบัญชีรายรับรายจ่าย มกราคม ถึง กุมภาพันธ์ ๒๕๖๙
RCP000045,23/01/2026,B107,1,400.0,โอนมัลติ,สรุปบัญชีรายรับรายจ่าย มกราคม ถึง กุมภาพันธ์ ๒๕๖๙
RCP000046,23/01/2026,B108,1,400.0,ไม่มีมัดจำ,สรุปบัญชีรายรับรายจ่าย มกราคม ถึง กุมภาพันธ์ ๒๕๖๙
RCP000366,22/12/1968,A111,1,400.0,1482,2-3 สมุดบัญชีรายรับ-รายจ่าย
RCP000367,22/12/1968,A105,1,400.0,1882,2-3 สมุดบัญชีรายรับ-รายจ่าย
RCP000043,22/01/2026,B106,1,400.0,โอนบัญชี,สรุปบัญชีรายรับรายจ่าย มกราคม ถึง กุมภาพันธ์ ๒๕๖๙
RCP000358,21/12/1968,A105,1,400.0,Ascend,2-3 สมุดบัญชีรายรับ-รายจ่าย
RCP000359,21/12/1968,B110,1,400.0,โอนบัญชี,2-3 สมุดบัญชีรายรับ-รายจ่าย
RCP000360,21/12/1968,B110,1,400.0,2796,2-3 สมุดบัญชีรายรับ-รายจ่าย
RCP000361,21/12/1968,N2,1,500.0,3296,2-3 สมุดบัญชีรายรับ-รายจ่าย
RCP000362,21/12/1968,B106,1,400.0,3696,2-3 สมุดบัญชีรายรับ-รายจ่าย
RCP000041,21/01/2026,A103,1,400.0,โอนบัญชี,สรุปบัญชีรายรับรายจ่าย มกราคม ถึง กุมภาพันธ์ ๒๕๖๙
RCP000042,21/01/2026,B106,1,400.0,โอนมัลติ,สรุปบัญชีรายรับรายจ่าย มกราคม ถึง กุมภาพันธ์ ๒๕๖๙
RCP000020,2026-12-01 00:00:00,A103,1,400.0,โอนมัลติ,สรุปบัญชีรายรับรายจ่าย มกราคม ถึง กุมภาพันธ์ ๒๕๖๙
RCP000076,2026-12-01 00:00:00,A108,1,500.0,Ascend,สรุปบัญชีรายรับรายจ่าย มกราคม ถึง กุมภาพันธ์ ๒๕๖๙
RCP000077,2026-12-01 00:00:00,A104,1,400.0,Not in source,สรุปบัญชีรายรับรายจ่าย มกราคม ถึง กุมภาพันธ์ ๒๕๖๙
RCP000078,2026-12-01 00:00:00,A105,1,400.0,Ascend,สรุปบัญชีรายรับรายจ่าย มกราคม ถึง กุมภาพันธ์ ๒๕๖๙
RCP000075,2026-11-01 00:00:00,B106,1,400.0,ไม่มีมัดจำ,สรุปบัญชีรายรับรายจ่าย มกราคม ถึง กุมภาพันธ์ ๒๕๖๙
RCP000018,2026-10-01 00:00:00,B106,1,400.0,โอนมัลติ,สรุปบัญชีรายรับรายจ่าย มกราคม ถึง กุมภาพันธ์ ๒๕๖๙
RCP000019,2026-10-01 00:00:00,B107,1,400.0,โอนมัลติ,สรุปบัญชีรายรับรายจ่าย มกราคม ถึง กุมภาพันธ์ ๒๕๖๙
RCP000074,2026-10-01 00:00:00,A105,1,400.0,Not in source,สรุปบัญชีรายรับรายจ่าย มกราคม ถึง กุมภาพันธ์ ๒๕๖๙
RCP000015,2026-09-01 00:00:00,B106,1,400.0,โอนมัลติ,สรุปบัญชีรายรับรายจ่าย มกราคม ถึง กุมภาพันธ์ ๒๕๖๙
RCP000016,2026-09-01 00:00:00,B107,1,400.0,โอนมัลติ,สรุปบัญชีรายรับรายจ่าย มกราคม ถึง กุมภาพันธ์ ๒๕๖๙
RCP000017,2026-09-01 00:00:00,B105,1,400.0,โอนมัลติ,สรุปบัญชีรายรับรายจ่าย มกราคม ถึง กุมภาพันธ์ ๒๕๖๙
RCP000072,2026-09-01 00:00:00,B107,1,400.0,Not in source,สรุปบัญชีรายรับรายจ่าย มกราคม ถึง กุมภาพันธ์ ๒๕๖๙
RCP000073,2026-09-01 00:00:00,A102,1,400.0,Not in source,สรุปบัญชีรายรับรายจ่าย มกราคม ถึง กุมภาพันธ์ ๒๕๖๙
RCP000071,2026-08-01 00:00:00,B104,1,400.0,Not in source,สรุปบัญชีรายรับรายจ่าย มกราคม ถึง กุมภาพันธ์ ๒๕๖๙
RCP000070,2026-07-01 00:00:00,B108,1,400.0,โอนมัลติ,สรุปบัญชีรายรับรายจ่าย มกราคม ถึง กุมภาพันธ์ ๒๕๖๙
RCP000013,2026-06-01 00:00:00,A104,1,400.0,โอนบัญชี,สรุปบัญชีรายรับรายจ่าย มกราคม ถึง กุมภาพันธ์ ๒๕๖๙
RCP000014,2026-06-01 00:00:00,B105,1,400.0,โอนมัลติ,สรุปบัญชีรายรับรายจ่าย มกราคม ถึง กุมภาพันธ์ ๒๕๖๙
RCP000066,2026-06-01 00:00:00,B103,1,400.0,Not in source,สรุปบัญชีรายรับรายจ่าย มกราคม ถึง กุมภาพันธ์ ๒๕๖๙
RCP000067,2026-06-01 00:00:00,B104,1,400.0,Not in source,สรุปบัญชีรายรับรายจ่าย มกราคม ถึง กุมภาพันธ์ ๒๕๖๙
RCP000068,2026-06-01 00:00:00,B107,1,400.0,Not in source,สรุปบัญชีรายรับรายจ่าย มกราคม ถึง กุมภาพันธ์ ๒๕๖๙
RCP000069,2026-06-01 00:00:00,B106,1,400.0,Not in source,สรุปบัญชีรายรับรายจ่าย มกราคม ถึง กุมภาพันธ์ ๒๕๖๙
RCP000061,2026-05-01 00:00:00,B107,1,400.0,Not in source,สรุปบัญชีรายรับรายจ่าย มกราคม ถึง กุมภาพันธ์ ๒๕๖๙
RCP000062,2026-05-01 00:00:00,B105,1,400.0,Not in source,สรุปบัญชีรายรับรายจ่าย มกราคม ถึง กุมภาพันธ์ ๒๕๖๙
RCP000063,2026-05-01 00:00:00,B106,1,400.0,Not in source,สรุปบัญชีรายรับรายจ่าย มกราคม ถึง กุมภาพันธ์ ๒๕๖๙
RCP000064,2026-05-01 00:00:00,B108,1,400.0,โอนมัลติ,สรุปบัญชีรายรับรายจ่าย มกราคม ถึง กุมภาพันธ์ ๒๕๖๙
RCP000065,2026-05-01 00:00:00,N2,1,500.0,ไม่มีมัดจำ,สรุปบัญชีรายรับรายจ่าย มกราคม ถึง กุมภาพันธ์ ๒๕๖๙
RCP000012,2026-04-01 00:00:00,N7,1,500.0,โอนบัญชี,สรุปบัญชีรายรับรายจ่าย มกราคม ถึง กุมภาพันธ์ ๒๕๖๙
RCP000006,2026-03-01 00:00:00,A111,1,400.0,โอนมัลติ,สรุปบัญชีรายรับรายจ่าย มกราคม ถึง กุมภาพันธ์ ๒๕๖๙
RCP000007,2026-03-01 00:00:00,N2,1,500.0,โอนมัลติ,สรุปบัญชีรายรับรายจ่าย มกราคม ถึง กุมภาพันธ์ ๒๕๖๙
RCP000008,2026-03-01 00:00:00,A104,1,400.0,โอนมัลติ,สรุปบัญชีรายรับรายจ่าย มกราคม ถึง กุมภาพันธ์ ๒๕๖๙
RCP000009,2026-03-01 00:00:00,B106,1,400.0,โอนมัลติ,สรุปบัญชีรายรับรายจ่าย มกราคม ถึง กุมภาพันธ์ ๒๕๖๙
RCP000010,2026-03-01 00:00:00,B105,1,400.0,โอนมัลติ,สรุปบัญชีรายรับรายจ่าย มกราคม ถึง กุมภาพันธ์ ๒๕๖๙
RCP000011,2026-03-01 00:00:00,A102,1,400.0,พัก 2 คืน,สรุปบัญชีรายรับรายจ่าย มกราคม ถึง กุมภาพันธ์ ๒๕๖๙
RCP000060,2026-03-01 00:00:00,A101,1,400.0,โอนบัญชี,สรุปบัญชีรายรับรายจ่าย มกราคม ถึง กุมภาพันธ์ ๒๕๖๙
RCP000059,2026-02-01 00:00:00,A101,1,400.0,โอนบัญชี,สรุปบัญชีรายรับรายจ่าย มกราคม ถึง กุมภาพันธ์ ๒๕๖๙
RCP000056,2026-01-02 00:00:00,B106,1,400.0,โอนมัลติ (ไม่มีมัดจำ),สรุปบัญชีรายรับรายจ่าย มกราคม ถึง กุมภาพันธ์ ๒๕๖๙
RCP000057,2026-01-02 00:00:00,B107,1,400.0,โอนมัลติ,สรุปบัญชีรายรับรายจ่าย มกราคม ถึง กุมภาพันธ์ ๒๕๖๙
RCP000001,2026-01-01 00:00:00,B104,1,400.0,โอนบัญชี,สรุปบัญชีรายรับรายจ่าย มกราคม ถึง กุมภาพันธ์ ๒๕๖๙
RCP000002,2026-01-01 00:00:00,A105,1,400.0,โอนบัญชี,สรุปบัญชีรายรับรายจ่าย มกราคม ถึง กุมภาพันธ์ ๒๕๖๙
RCP000003,2026-01-01 00:00:00,B109,1,400.0,โอนบัญชี,สรุปบัญชีรายรับรายจ่าย มกราคม ถึง กุมภาพันธ์ ๒๕๖๙
RCP000004,2026-01-01 00:00:00,A103,1,400.0,โอนมัลติ,สรุปบัญชีรายรับรายจ่าย มกราคม ถึง กุมภาพันธ์ ๒๕๖๙
RCP000005,2026-01-01 00:00:00,A102,1,400.0,โอนมัลติ,สรุปบัญชีรายรับรายจ่าย มกราคม ถึง กุมภาพันธ์ ๒๕๖๙
RCP000058,2026-01-01 00:00:00,A101,1,400.0,โอนบัญชี,สรุปบัญชีรายรับรายจ่าย มกราคม ถึง กุมภาพันธ์ ๒๕๖๙
RCP000353,20/12/1968,B105,1,400.0,2678,2-3 สมุดบัญชีรายรับ-รายจ่าย
RCP000040,20/01/2026,A105,1,400.0,โอนมัลติ,สรุปบัญชีรายรับรายจ่าย มกราคม ถึง กุมภาพันธ์ ๒๕๖๙
RCP000111,20/01/2026,B107,1,400.0,ชำระยอดค้าง,สรุปบัญชีรายรับรายจ่าย มกราคม ถึง กุมภาพันธ์ ๒๕๖๙
RCP000241,1968-12-12 00:00:00,A102,1,400.0,1259,2-3 สมุดบัญชีรายรับ-รายจ่าย
RCP000242,1968-12-12 00:00:00,A105,1,400.0,1659,2-3 สมุดบัญชีรายรับ-รายจ่าย
RCP000243,1968-12-12 00:00:00,A109,1,500.0,Ascend,2-3 สมุดบัญชีรายรับ-รายจ่าย
RCP000244,1968-12-12 00:00:00,A108,1,500.0,Ascend,2-3 สมุดบัญชีรายรับ-รายจ่าย
RCP000245,1968-12-12 00:00:00,A110,1,500.0,โอนเข้าบัญชี,2-3 สมุดบัญชีรายรับ-รายจ่าย
RCP000246,1968-12-12 00:00:00,A110,1,500.0,1559,2-3 สมุดบัญชีรายรับ-รายจ่าย
RCP000247,1968-12-12 00:00:00,A103,1,400.0,1959,2-3 สมุดบัญชีรายรับ-รายจ่าย
RCP000248,1968-12-12 00:00:00,B106,1,400.0,โอนเข้าบัญชี,2-3 สมุดบัญชีรายรับ-รายจ่าย
RCP000249,1968-12-12 00:00:00,B108,1,400.0,โอนเข้าบัญชี,2-3 สมุดบัญชีรายรับ-รายจ่าย
RCP000250,1968-12-12 00:00:00,B109,1,400.0,2359,2-3 สมุดบัญชีรายรับ-รายจ่าย
RCP000251,1968-12-12 00:00:00,B109,1,400.0,2659,2-3 สมุดบัญชีรายรับ-รายจ่าย
RCP000252,1968-12-12 00:00:00,B107,1,400.0,3059,2-3 สมุดบัญชีรายรับ-รายจ่าย
RCP000253,1968-12-12 00:00:00,A104,1,400.0,3859,2-3 สมุดบัญชีรายรับ-รายจ่าย
RCP000254,1968-12-12 00:00:00,B105,1,400.0,4259,2-3 สมุดบัญชีรายรับ-รายจ่าย
RCP000255,1968-12-12 00:00:00,A101,1,400.0,4659,2-3 สมุดบัญชีรายรับ-รายจ่าย
RCP001011,1968-12-12 00:00:00,A102,1,400.0,1259,สมุดบัญชีรายรับและรายจ่ายรายวัน (1)
RCP001012,1968-12-12 00:00:00,A105,1,400.0,1659,สมุดบัญชีรายรับและรายจ่ายรายวัน (1)
RCP001013,1968-12-12 00:00:00,A109,1,500.0,Ascend,สมุดบัญชีรายรับและรายจ่ายรายวัน (1)
RCP001014,1968-12-12 00:00:00,A108,1,500.0,Ascend,สมุดบัญชีรายรับและรายจ่ายรายวัน (1)
RCP001015,1968-12-12 00:00:00,A110,1,500.0,โอนเข้าบัญชี,สมุดบัญชีรายรับและรายจ่ายรายวัน (1)
RCP001016,1968-12-12 00:00:00,A110,1,500.0,1559,สมุดบัญชีรายรับและรายจ่ายรายวัน (1)
RCP001017,1968-12-12 00:00:00,A103,1,400.0,1959,สมุดบัญชีรายรับและรายจ่ายรายวัน (1)
RCP001018,1968-12-12 00:00:00,B106,1,400.0,โอนเข้าบัญชี,สมุดบัญชีรายรับและรายจ่ายรายวัน (1)
RCP001019,1968-12-12 00:00:00,B108,1,400.0,โอนเข้าบัญชี,สมุดบัญชีรายรับและรายจ่ายรายวัน (1)
RCP001020,1968-12-12 00:00:00,B109,1,400.0,2359,สมุดบัญชีรายรับและรายจ่ายรายวัน (1)
RCP001021,1968-12-12 00:00:00,B109,1,400.0,2659,สมุดบัญชีรายรับและรายจ่ายรายวัน (1)
RCP001022,1968-12-12 00:00:00,B107,1,400.0,3059,สมุดบัญชีรายรับและรายจ่ายรายวัน (1)
RCP001023,1968-12-12 00:00:00,A104,1,400.0,3859,สมุดบัญชีรายรับและรายจ่ายรายวัน (1)
RCP001024,1968-12-12 00:00:00,B105,1,400.0,4259,สมุดบัญชีรายรับและรายจ่ายรายวัน (1)
RCP001025,1968-12-12 00:00:00,A101,1,400.0,4659,สมุดบัญชีรายรับและรายจ่ายรายวัน (1)
RCP000224,1968-11-12 00:00:00,B109,1,400.0,4629,2-3 สมุดบัญชีรายรับ-รายจ่าย
RCP000225,1968-11-12 00:00:00,A105,1,400.0,-,2-3 สมุดบัญชีรายรับ-รายจ่าย
RCP000227,1968-11-12 00:00:00,A105,1,400.0,3459,2-3 สมุดบัญชีรายรับ-รายจ่าย
RCP000228,1968-11-12 00:00:00,B107,1,400.0,-,2-3 สมุดบัญชีรายรับ-รายจ่าย
RCP000229,1968-11-12 00:00:00,B107,1,400.0,3359,2-3 สมุดบัญชีรายรับ-รายจ่าย
RCP000230,1968-11-12 00:00:00,A111,1,400.0,-,2-3 สมุดบัญชีรายรับ-รายจ่าย
RCP000231,1968-11-12 00:00:00,A111,1,400.0,3259,2-3 สมุดบัญชีรายรับ-รายจ่าย
RCP000232,1968-11-12 00:00:00,N7,1,500.0,3759,2-3 สมุดบัญชีรายรับ-รายจ่าย
RCP000233,1968-11-12 00:00:00,B106,1,400.0,-,2-3 สมุดบัญชีรายรับ-รายจ่าย
RCP000234,1968-11-12 00:00:00,B106,1,400.0,3659,2-3 สมุดบัญชีรายรับ-รายจ่าย
RCP000235,1968-11-12 00:00:00,B105,1,400.0,4059,2-3 สมุดบัญชีรายรับ-รายจ่าย
RCP000236,1968-11-12 00:00:00,B108,1,400.0,-,2-3 สมุดบัญชีรายรับ-รายจ่าย
RCP000237,1968-11-12 00:00:00,B108,1,400.0,3959,2-3 สมุดบัญชีรายรับ-รายจ่าย
RCP000238,1968-11-12 00:00:00,A104,1,400.0,-,2-3 สมุดบัญชีรายรับ-รายจ่าย
RCP000239,1968-11-12 00:00:00,A104,1,400.0,3859,2-3 สมุดบัญชีรายรับ-รายจ่าย
RCP000994,1968-11-12 00:00:00,B109,1,400.0,4629,สมุดบัญชีรายรับและรายจ่ายรายวัน (1)
RCP000995,1968-11-12 00:00:00,A105,1,400.0,-,สมุดบัญชีรายรับและรายจ่ายรายวัน (1)
RCP000997,1968-11-12 00:00:00,A105,1,400.0,3459,สมุดบัญชีรายรับและรายจ่ายรายวัน (1)
RCP000998,1968-11-12 00:00:00,B107,1,400.0,-,สมุดบัญชีรายรับและรายจ่ายรายวัน (1)
RCP000999,1968-11-12 00:00:00,B107,1,400.0,3359,สมุดบัญชีรายรับและรายจ่ายรายวัน (1)
RCP001000,1968-11-12 00:00:00,A111,1,400.0,-,สมุดบัญชีรายรับและรายจ่ายรายวัน (1)
RCP001001,1968-11-12 00:00:00,A111,1,400.0,3259,สมุดบัญชีรายรับและรายจ่ายรายวัน (1)
RCP001002,1968-11-12 00:00:00,N7,1,500.0,3759,สมุดบัญชีรายรับและรายจ่ายรายวัน (1)
RCP001003,1968-11-12 00:00:00,B106,1,400.0,-,สมุดบัญชีรายรับและรายจ่ายรายวัน (1)
RCP001004,1968-11-12 00:00:00,B106,1,400.0,3659,สมุดบัญชีรายรับและรายจ่ายรายวัน (1)
RCP001005,1968-11-12 00:00:00,B105,1,400.0,4059,สมุดบัญชีรายรับและรายจ่ายรายวัน (1)
RCP001006,1968-11-12 00:00:00,B108,1,400.0,-,สมุดบัญชีรายรับและรายจ่ายรายวัน (1)
RCP001007,1968-11-12 00:00:00,B108,1,400.0,3959,สมุดบัญชีรายรับและรายจ่ายรายวัน (1)
RCP001008,1968-11-12 00:00:00,A104,1,400.0,-,สมุดบัญชีรายรับและรายจ่ายรายวัน (1)
RCP001009,1968-11-12 00:00:00,A104,1,400.0,3859,สมุดบัญชีรายรับและรายจ่ายรายวัน (1)
RCP000212,1968-10-12 00:00:00,A106,1,500.0,Ascend,2-3 สมุดบัญชีรายรับ-รายจ่าย
RCP000213,1968-10-12 00:00:00,A107,1,500.0,Ascend,2-3 สมุดบัญชีรายรับ-รายจ่าย
RCP000214,1968-10-12 00:00:00,B106,1,400.0,โอนเข้าบัญชี,2-3 สมุดบัญชีรายรับ-รายจ่าย
RCP000215,1968-10-12 00:00:00,B106,1,400.0,3129,2-3 สมุดบัญชีรายรับ-รายจ่าย
RCP000216,1968-10-12 00:00:00,B109,1,400.0,3529,2-3 สมุดบัญชีรายรับ-รายจ่าย
RCP000217,1968-10-12 00:00:00,N2,1,500.0,โอนเข้าบัญชี,2-3 สมุดบัญชีรายรับ-รายจ่าย
RCP000218,1968-10-12 00:00:00,N2,1,500.0,3329,2-3 สมุดบัญชีรายรับ-รายจ่าย
RCP000219,1968-10-12 00:00:00,A108,1,500.0,โอนเข้าบัญชี,2-3 สมุดบัญชีรายรับ-รายจ่าย
RCP000220,1968-10-12 00:00:00,A108,1,500.0,3229,2-3 สมุดบัญชีรายรับ-รายจ่าย
RCP000221,1968-10-12 00:00:00,B104,1,400.0,3629,2-3 สมุดบัญชีรายรับ-รายจ่าย
RCP000222,1968-10-12 00:00:00,B105,1,400.0,4029,2-3 สมุดบัญชีรายรับ-รายจ่าย
RCP000223,1968-10-12 00:00:00,N3,1,500.0,4529,2-3 สมุดบัญชีรายรับ-รายจ่าย
RCP000982,1968-10-12 00:00:00,A106,1,500.0,Ascend,สมุดบัญชีรายรับและรายจ่ายรายวัน (1)
RCP000983,1968-10-12 00:00:00,A107,1,500.0,Ascend,สมุดบัญชีรายรับและรายจ่ายรายวัน (1)
RCP000984,1968-10-12 00:00:00,B106,1,400.0,โอนเข้าบัญชี,สมุดบัญชีรายรับและรายจ่ายรายวัน (1)
RCP000985,1968-10-12 00:00:00,B106,1,400.0,3129,สมุดบัญชีรายรับและรายจ่ายรายวัน (1)
RCP000986,1968-10-12 00:00:00,B109,1,400.0,3529,สมุดบัญชีรายรับและรายจ่ายรายวัน (1)
RCP000987,1968-10-12 00:00:00,N2,1,500.0,โอนเข้าบัญชี,สมุดบัญชีรายรับและรายจ่ายรายวัน (1)
RCP000988,1968-10-12 00:00:00,N2,1,500.0,3329,สมุดบัญชีรายรับและรายจ่ายรายวัน (1)
RCP000989,1968-10-12 00:00:00,A108,1,500.0,โอนเข้าบัญชี,สมุดบัญชีรายรับและรายจ่ายรายวัน (1)
RCP000990,1968-10-12 00:00:00,A108,1,500.0,3229,สมุดบัญชีรายรับและรายจ่ายรายวัน (1)
RCP000991,1968-10-12 00:00:00,B104,1,400.0,3629,สมุดบัญชีรายรับและรายจ่ายรายวัน (1)
RCP000992,1968-10-12 00:00:00,B105,1,400.0,4029,สมุดบัญชีรายรับและรายจ่ายรายวัน (1)
RCP000993,1968-10-12 00:00:00,N3,1,500.0,4529,สมุดบัญชีรายรับและรายจ่ายรายวัน (1)
RCP000204,1968-09-12 00:00:00,B107,1,400.0,1729,2-3 สมุดบัญชีรายรับ-รายจ่าย
RCP000205,1968-09-12 00:00:00,B105,1,400.0,1829,2-3 สมุดบัญชีรายรับ-รายจ่าย
RCP000206,1968-09-12 00:00:00,N2,1,500.0,2029,2-3 สมุดบัญชีรายรับ-รายจ่าย
RCP000207,1968-09-12 00:00:00,A111,1,400.0,2429,2-3 สมุดบัญชีรายรับ-รายจ่าย
RCP000208,1968-09-12 00:00:00,B101,1,400.0,โอนเข้าบัญชี,2-3 สมุดบัญชีรายรับ-รายจ่าย
RCP000209,1968-09-12 00:00:00,B106,1,400.0,2829,2-3 สมุดบัญชีรายรับ-รายจ่าย
RCP000210,1968-09-12 00:00:00,B107,1,400.0,3229,2-3 สมุดบัญชีรายรับ-รายจ่าย
RCP000974,1968-09-12 00:00:00,B107,1,400.0,1729,สมุดบัญชีรายรับและรายจ่ายรายวัน (1)
RCP000975,1968-09-12 00:00:00,B105,1,400.0,1829,สมุดบัญชีรายรับและรายจ่ายรายวัน (1)
RCP000976,1968-09-12 00:00:00,N2,1,500.0,2029,สมุดบัญชีรายรับและรายจ่ายรายวัน (1)
RCP000977,1968-09-12 00:00:00,A111,1,400.0,2429,สมุดบัญชีรายรับและรายจ่ายรายวัน (1)
RCP000978,1968-09-12 00:00:00,B101,1,400.0,โอนเข้าบัญชี,สมุดบัญชีรายรับและรายจ่ายรายวัน (1)
RCP000979,1968-09-12 00:00:00,B106,1,400.0,2829,สมุดบัญชีรายรับและรายจ่ายรายวัน (1)
RCP000980,1968-09-12 00:00:00,B107,1,400.0,3229,สมุดบัญชีรายรับและรายจ่ายรายวัน (1)
RCP000186,1968-08-12 00:00:00,B106,1,400.0,6449,2-3 สมุดบัญชีรายรับ-รายจ่าย
RCP000189,1968-08-12 00:00:00,B105,1,400.0,โอนเข้าบัญชี,2-3 สมุดบัญชีรายรับ-รายจ่าย
RCP000190,1968-08-12 00:00:00,B105,1,400.0,1429,2-3 สมุดบัญชีรายรับ-รายจ่าย
RCP000191,1968-08-12 00:00:00,N2,1,500.0,1929,2-3 สมุดบัญชีรายรับ-รายจ่าย
RCP000192,1968-08-12 00:00:00,N7,1,500.0,โอนเข้าบัญชี,2-3 สมุดบัญชีรายรับ-รายจ่าย
RCP000193,1968-08-12 00:00:00,N7,1,500.0,1729,2-3 สมุดบัญชีรายรับ-รายจ่าย
RCP000194,1968-08-12 00:00:00,B107,1,400.0,โอนเข้าบัญชี,2-3 สมุดบัญชีรายรับ-รายจ่าย
RCP000195,1968-08-12 00:00:00,B107,1,400.0,1629,2-3 สมุดบัญชีรายรับ-รายจ่าย
RCP000196,1968-08-12 00:00:00,N3,1,500.0,โอนเข้าบัญชี,2-3 สมุดบัญชีรายรับ-รายจ่าย
RCP000197,1968-08-12 00:00:00,N3,1,500.0,1429,2-3 สมุดบัญชีรายรับ-รายจ่าย
RCP000198,1968-08-12 00:00:00,B101,1,400.0,1829,2-3 สมุดบัญชีรายรับ-รายจ่าย
RCP000199,1968-08-12 00:00:00,N4,1,600.0,2429,2-3 สมุดบัญชีรายรับ-รายจ่าย
RCP000200,1968-08-12 00:00:00,B108,1,400.0,2829,2-3 สมุดบัญชีรายรับ-รายจ่าย
RCP000201,1968-08-12 00:00:00,B104,1,400.0,3229,2-3 สมุดบัญชีรายรับ-รายจ่าย
RCP000202,1968-08-12 00:00:00,B103,1,400.0,3629,2-3 สมุดบัญชีรายรับ-รายจ่าย
RCP000956,1968-08-12 00:00:00,B106,1,400.0,6449,สมุดบัญชีรายรับและรายจ่ายรายวัน (1)
RCP000959,1968-08-12 00:00:00,B105,1,400.0,โอนเข้าบัญชี,สมุดบัญชีรายรับและรายจ่ายรายวัน (1)
RCP000960,1968-08-12 00:00:00,B105,1,400.0,1429,สมุดบัญชีรายรับและรายจ่ายรายวัน (1)
RCP000961,1968-08-12 00:00:00,N2,1,500.0,1929,สมุดบัญชีรายรับและรายจ่ายรายวัน (1)
RCP000962,1968-08-12 00:00:00,N7,1,500.0,โอนเข้าบัญชี,สมุดบัญชีรายรับและรายจ่ายรายวัน (1)
RCP000963,1968-08-12 00:00:00,N7,1,500.0,1729,สมุดบัญชีรายรับและรายจ่ายรายวัน (1)
RCP000964,1968-08-12 00:00:00,B107,1,400.0,โอนเข้าบัญชี,สมุดบัญชีรายรับและรายจ่ายรายวัน (1)
RCP000965,1968-08-12 00:00:00,B107,1,400.0,1629,สมุดบัญชีรายรับและรายจ่ายรายวัน (1)
RCP000966,1968-08-12 00:00:00,N3,1,500.0,โอนเข้าบัญชี,สมุดบัญชีรายรับและรายจ่ายรายวัน (1)
RCP000967,1968-08-12 00:00:00,N3,1,500.0,1429,สมุดบัญชีรายรับและรายจ่ายรายวัน (1)
RCP000968,1968-08-12 00:00:00,B101,1,400.0,1829,สมุดบัญชีรายรับและรายจ่ายรายวัน (1)
RCP000969,1968-08-12 00:00:00,N4,1,600.0,2429,สมุดบัญชีรายรับและรายจ่ายรายวัน (1)
RCP000970,1968-08-12 00:00:00,B108,1,400.0,2829,สมุดบัญชีรายรับและรายจ่ายรายวัน (1)
RCP000971,1968-08-12 00:00:00,B104,1,400.0,3229,สมุดบัญชีรายรับและรายจ่ายรายวัน (1)
RCP000972,1968-08-12 00:00:00,B103,1,400.0,3629,สมุดบัญชีรายรับและรายจ่ายรายวัน (1)
RCP000179,1968-07-12 00:00:00,B106,1,400.0,5349,2-3 สมุดบัญชีรายรับ-รายจ่าย
RCP000180,1968-07-12 00:00:00,B109,1,400.0,โอนเข้าบัญชี,2-3 สมุดบัญชีรายรับ-รายจ่าย
RCP000182,1968-07-12 00:00:00,B107,1,400.0,โอนเข้าบัญชี,2-3 สมุดบัญชีรายรับ-รายจ่าย
RCP000183,1968-07-12 00:00:00,B107,1,400.0,5149,2-3 สมุดบัญชีรายรับ-รายจ่าย
RCP000184,1968-07-12 00:00:00,B108,1,400.0,5549,2-3 สมุดบัญชีรายรับ-รายจ่าย
RCP000185,1968-07-12 00:00:00,N2,1,500.0,6049,2-3 สมุดบัญชีรายรับ-รายจ่าย
RCP000949,1968-07-12 00:00:00,B106,1,400.0,5349,สมุดบัญชีรายรับและรายจ่ายรายวัน (1)
RCP000950,1968-07-12 00:00:00,B109,1,400.0,โอนเข้าบัญชี,สมุดบัญชีรายรับและรายจ่ายรายวัน (1)
RCP000952,1968-07-12 00:00:00,B107,1,400.0,โอนเข้าบัญชี,สมุดบัญชีรายรับและรายจ่ายรายวัน (1)
RCP000953,1968-07-12 00:00:00,B107,1,400.0,5149,สมุดบัญชีรายรับและรายจ่ายรายวัน (1)
RCP000954,1968-07-12 00:00:00,B108,1,400.0,5549,สมุดบัญชีรายรับและรายจ่ายรายวัน (1)
RCP000955,1968-07-12 00:00:00,N2,1,500.0,6049,สมุดบัญชีรายรับและรายจ่ายรายวัน (1)
RCP000171,1968-06-12 00:00:00,N3,1,500.0,โอนเข้าบัญชี,2-3 สมุดบัญชีรายรับ-รายจ่าย
RCP000172,1968-06-12 00:00:00,N3,1,500.0,5004,2-3 สมุดบัญชีรายรับ-รายจ่าย
RCP000173,1968-06-12 00:00:00,B110,1,400.0,5404,2-3 สมุดบัญชีรายรับ-รายจ่าย
RCP000174,1968-06-12 00:00:00,B107,1,400.0,5814,2-3 สมุดบัญชีรายรับ-รายจ่าย
RCP000175,1968-06-12 00:00:00,A105,1,400.0,6214,2-3 สมุดบัญชีรายรับ-รายจ่าย
RCP000941,1968-06-12 00:00:00,N3,1,500.0,โอนเข้าบัญชี,สมุดบัญชีรายรับและรายจ่ายรายวัน (1)
RCP000942,1968-06-12 00:00:00,N3,1,500.0,5004,สมุดบัญชีรายรับและรายจ่ายรายวัน (1)
RCP000943,1968-06-12 00:00:00,B110,1,400.0,5404,สมุดบัญชีรายรับและรายจ่ายรายวัน (1)
RCP000944,1968-06-12 00:00:00,B107,1,400.0,5814,สมุดบัญชีรายรับและรายจ่ายรายวัน (1)
RCP000945,1968-06-12 00:00:00,A105,1,400.0,6214,สมุดบัญชีรายรับและรายจ่ายรายวัน (1)
RCP000164,1968-05-12 00:00:00,N7,1,500.0,โอนเข้าบัญชี,2-3 สมุดบัญชีรายรับ-รายจ่าย
RCP000165,1968-05-12 00:00:00,N7,1,500.0,3714,2-3 สมุดบัญชีรายรับ-รายจ่าย
RCP000166,1968-05-12 00:00:00,B106,1,400.0,4114,2-3 สมุดบัญชีรายรับ-รายจ่าย
RCP000167,1968-05-12 00:00:00,B104,1,400.0,4514,2-3 สมุดบัญชีรายรับ-รายจ่าย
RCP000168,1968-05-12 00:00:00,B105,1,400.0,4914,2-3 สมุดบัญชีรายรับ-รายจ่าย
RCP000169,1968-05-12 00:00:00,N2,1,500.0,5414,2-3 สมุดบัญชีรายรับ-รายจ่าย
RCP000934,1968-05-12 00:00:00,N7,1,500.0,โอนเข้าบัญชี,สมุดบัญชีรายรับและรายจ่ายรายวัน (1)
RCP000935,1968-05-12 00:00:00,N7,1,500.0,3714,สมุดบัญชีรายรับและรายจ่ายรายวัน (1)
RCP000936,1968-05-12 00:00:00,B106,1,400.0,4114,สมุดบัญชีรายรับและรายจ่ายรายวัน (1)
RCP000937,1968-05-12 00:00:00,B104,1,400.0,4514,สมุดบัญชีรายรับและรายจ่ายรายวัน (1)
RCP000938,1968-05-12 00:00:00,B105,1,400.0,4914,สมุดบัญชีรายรับและรายจ่ายรายวัน (1)
RCP000939,1968-05-12 00:00:00,N2,1,500.0,5414,สมุดบัญชีรายรับและรายจ่ายรายวัน (1)
RCP000152,1968-04-12 00:00:00,B108,1,400.0,โอนเข้าบัญชี,2-3 สมุดบัญชีรายรับ-รายจ่าย
RCP000153,1968-04-12 00:00:00,B108,1,400.0,2434,2-3 สมุดบัญชีรายรับ-รายจ่าย
RCP000154,1968-04-12 00:00:00,B104,1,400.0,2834,2-3 สมุดบัญชีรายรับ-รายจ่าย
RCP000155,1968-04-12 00:00:00,B106,1,400.0,3234,2-3 สมุดบัญชีรายรับ-รายจ่าย
RCP000156,1968-04-12 00:00:00,B107,1,400.0,โอนเข้าบัญชี,2-3 สมุดบัญชีรายรับ-รายจ่าย
RCP000157,1968-04-12 00:00:00,A104,1,400.0,3634,2-3 สมุดบัญชีรายรับ-รายจ่าย
RCP000158,1968-04-12 00:00:00,A105,1,400.0,4034,2-3 สมุดบัญชีรายรับ-รายจ่าย
RCP000159,1968-04-12 00:00:00,A106,1,500.0,4534,2-3 สมุดบัญชีรายรับ-รายจ่าย
RCP000160,1968-04-12 00:00:00,B105,1,400.0,4934,2-3 สมุดบัญชีรายรับ-รายจ่าย
RCP000161,1968-04-12 00:00:00,A103,1,400.0,โอนเข้าบัญชี,2-3 สมุดบัญชีรายรับ-รายจ่าย
RCP000162,1968-04-12 00:00:00,A103,1,400.0,4834,2-3 สมุดบัญชีรายรับ-รายจ่าย
RCP000922,1968-04-12 00:00:00,B108,1,400.0,โอนเข้าบัญชี,สมุดบัญชีรายรับและรายจ่ายรายวัน (1)
RCP000923,1968-04-12 00:00:00,B108,1,400.0,2434,สมุดบัญชีรายรับและรายจ่ายรายวัน (1)
RCP000924,1968-04-12 00:00:00,B104,1,400.0,2834,สมุดบัญชีรายรับและรายจ่ายรายวัน (1)
RCP000925,1968-04-12 00:00:00,B106,1,400.0,3234,สมุดบัญชีรายรับและรายจ่ายรายวัน (1)
RCP000926,1968-04-12 00:00:00,B107,1,400.0,โอนเข้าบัญชี,สมุดบัญชีรายรับและรายจ่ายรายวัน (1)
RCP000927,1968-04-12 00:00:00,A104,1,400.0,3634,สมุดบัญชีรายรับและรายจ่ายรายวัน (1)
RCP000928,1968-04-12 00:00:00,A105,1,400.0,4034,สมุดบัญชีรายรับและรายจ่ายรายวัน (1)
RCP000929,1968-04-12 00:00:00,A106,1,500.0,4534,สมุดบัญชีรายรับและรายจ่ายรายวัน (1)
RCP000930,1968-04-12 00:00:00,B105,1,400.0,4934,สมุดบัญชีรายรับและรายจ่ายรายวัน (1)
RCP000931,1968-04-12 00:00:00,A103,1,400.0,โอนเข้าบัญชี,สมุดบัญชีรายรับและรายจ่ายรายวัน (1)
RCP000932,1968-04-12 00:00:00,A103,1,400.0,4834,สมุดบัญชีรายรับและรายจ่ายรายวัน (1)
RCP000136,1968-03-12 00:00:00,B104,1,400.0,2504,2-3 สมุดบัญชีรายรับ-รายจ่าย
RCP000137,1968-03-12 00:00:00,B106,1,400.0,2904,2-3 สมุดบัญชีรายรับ-รายจ่าย
RCP000138,1968-03-12 00:00:00,N7,1,500.0,3404,2-3 สมุดบัญชีรายรับ-รายจ่าย
RCP000139,1968-03-12 00:00:00,N7,1,500.0,3904,2-3 สมุดบัญชีรายรับ-รายจ่าย
RCP000140,1968-03-12 00:00:00,A104,1,400.0,Ascend,2-3 สมุดบัญชีรายรับ-รายจ่าย
RCP000141,1968-03-12 00:00:00,A104,1,400.0,3804,2-3 สมุดบัญชีรายรับ-รายจ่าย
RCP000142,1968-03-12 00:00:00,B105,1,400.0,4204,2-3 สมุดบัญชีรายรับ-รายจ่าย
RCP000143,1968-03-12 00:00:00,A105,1,400.0,Ascend,2-3 สมุดบัญชีรายรับ-รายจ่าย
RCP000144,1968-03-12 00:00:00,A102,1,400.0,Ascend,2-3 สมุดบัญชีรายรับ-รายจ่าย
RCP000145,1968-03-12 00:00:00,B110,1,400.0,4604,2-3 สมุดบัญชีรายรับ-รายจ่าย
RCP000146,1968-03-12 00:00:00,A111,1,400.0,5004,2-3 สมุดบัญชีรายรับ-รายจ่าย
RCP000147,1968-03-12 00:00:00,A111,1,400.0,โอนเข้าบัญชี,2-3 สมุดบัญชีรายรับ-รายจ่าย
RCP000148,1968-03-12 00:00:00,A111,1,400.0,4904,2-3 สมุดบัญชีรายรับ-รายจ่าย
RCP000149,1968-03-12 00:00:00,B107,1,400.0,5304,2-3 สมุดบัญชีรายรับ-รายจ่าย
RCP000906,1968-03-12 00:00:00,B104,1,400.0,2504,สมุดบัญชีรายรับและรายจ่ายรายวัน (1)
RCP000907,1968-03-12 00:00:00,B106,1,400.0,2904,สมุดบัญชีรายรับและรายจ่ายรายวัน (1)
RCP000908,1968-03-12 00:00:00,N7,1,500.0,3404,สมุดบัญชีรายรับและรายจ่ายรายวัน (1)
RCP000909,1968-03-12 00:00:00,N7,1,500.0,3904,สมุดบัญชีรายรับและรายจ่ายรายวัน (1)
RCP000910,1968-03-12 00:00:00,A104,1,400.0,Ascend,สมุดบัญชีรายรับและรายจ่ายรายวัน (1)
RCP000911,1968-03-12 00:00:00,A104,1,400.0,3804,สมุดบัญชีรายรับและรายจ่ายรายวัน (1)
RCP000912,1968-03-12 00:00:00,B105,1,400.0,4204,สมุดบัญชีรายรับและรายจ่ายรายวัน (1)
RCP000913,1968-03-12 00:00:00,A105,1,400.0,Ascend,สมุดบัญชีรายรับและรายจ่ายรายวัน (1)
RCP000914,1968-03-12 00:00:00,A102,1,400.0,Ascend,สมุดบัญชีรายรับและรายจ่ายรายวัน (1)
RCP000915,1968-03-12 00:00:00,B110,1,400.0,4604,สมุดบัญชีรายรับและรายจ่ายรายวัน (1)
RCP000916,1968-03-12 00:00:00,A111,1,400.0,5004,สมุดบัญชีรายรับและรายจ่ายรายวัน (1)
RCP000917,1968-03-12 00:00:00,A111,1,400.0,โอนเข้าบัญชี,สมุดบัญชีรายรับและรายจ่ายรายวัน (1)
RCP000918,1968-03-12 00:00:00,A111,1,400.0,4904,สมุดบัญชีรายรับและรายจ่ายรายวัน (1)
RCP000919,1968-03-12 00:00:00,B107,1,400.0,5304,สมุดบัญชีรายรับและรายจ่ายรายวัน (1)
RCP000121,1968-02-12 00:00:00,B107,1,400.0,5912,2-3 สมุดบัญชีรายรับ-รายจ่าย
RCP000122,1968-02-12 00:00:00,A103,1,400.0,โอนเข้าบัญชี,2-3 สมุดบัญชีรายรับ-รายจ่าย
RCP000125,1968-02-12 00:00:00,B106,1,400.0,4792,2-3 สมุดบัญชีรายรับ-รายจ่าย
RCP000126,1968-02-12 00:00:00,B104,1,400.0,5192,2-3 สมุดบัญชีรายรับ-รายจ่าย
RCP000127,1968-02-12 00:00:00,A105,1,400.0,โอนเข้าบัญชี,2-3 สมุดบัญชีรายรับ-รายจ่าย
RCP000128,1968-02-12 00:00:00,A105,1,400.0,5092,2-3 สมุดบัญชีรายรับ-รายจ่าย
RCP000129,1968-02-12 00:00:00,B105,1,400.0,5492,2-3 สมุดบัญชีรายรับ-รายจ่าย
RCP000130,1968-02-12 00:00:00,N6,1,600.0,6092,2-3 สมุดบัญชีรายรับ-รายจ่าย
RCP000131,1968-02-12 00:00:00,B108,1,400.0,โอนเข้าบัญชี,2-3 สมุดบัญชีรายรับ-รายจ่าย
RCP000132,1968-02-12 00:00:00,B108,1,400.0,5992,2-3 สมุดบัญชีรายรับ-รายจ่าย
RCP000891,1968-02-12 00:00:00,B107,1,400.0,5712,สมุดบัญชีรายรับและรายจ่ายรายวัน (1)
RCP000892,1968-02-12 00:00:00,A103,1,400.0,โอนเข้าบัญชี,สมุดบัญชีรายรับและรายจ่ายรายวัน (1)
RCP000895,1968-02-12 00:00:00,B106,1,400.0,4792,สมุดบัญชีรายรับและรายจ่ายรายวัน (1)
RCP000896,1968-02-12 00:00:00,B104,1,400.0,5192,สมุดบัญชีรายรับและรายจ่ายรายวัน (1)
RCP000897,1968-02-12 00:00:00,A105,1,400.0,โอนเข้าบัญชี,สมุดบัญชีรายรับและรายจ่ายรายวัน (1)
RCP000898,1968-02-12 00:00:00,A105,1,400.0,5092,สมุดบัญชีรายรับและรายจ่ายรายวัน (1)
RCP000899,1968-02-12 00:00:00,B105,1,400.0,5492,สมุดบัญชีรายรับและรายจ่ายรายวัน (1)
RCP000900,1968-02-12 00:00:00,N6,1,600.0,6092,สมุดบัญชีรายรับและรายจ่ายรายวัน (1)
RCP000901,1968-02-12 00:00:00,B108,1,400.0,โอนเข้าบัญชี,สมุดบัญชีรายรับและรายจ่ายรายวัน (1)
RCP000902,1968-02-12 00:00:00,B108,1,400.0,5992,สมุดบัญชีรายรับและรายจ่ายรายวัน (1)
RCP000115,1968-01-12 00:00:00,B106,1,400.0,3112,2-3 สมุดบัญชีรายรับ-รายจ่าย
RCP000116,1968-01-12 00:00:00,N2,1,500.0,3612,2-3 สมุดบัญชีรายรับ-รายจ่าย
RCP000117,1968-01-12 00:00:00,B103,1,400.0,4012,2-3 สมุดบัญชีรายรับ-รายจ่าย
RCP000118,1968-01-12 00:00:00,B105,1,400.0,4412,2-3 สมุดบัญชีรายรับ-รายจ่าย
RCP000119,1968-01-12 00:00:00,B107,1,400.0,4812,2-3 สมุดบัญชีรายรับ-รายจ่าย
RCP000120,1968-01-12 00:00:00,N7,1,500.0,5312,2-3 สมุดบัญชีรายรับ-รายจ่าย
RCP000885,1968-01-12 00:00:00,B106,1,400.0,3112,สมุดบัญชีรายรับและรายจ่ายรายวัน (1)
RCP000886,1968-01-12 00:00:00,N2,1,500.0,3612,สมุดบัญชีรายรับและรายจ่ายรายวัน (1)
RCP000887,1968-01-12 00:00:00,B103,1,400.0,4012,สมุดบัญชีรายรับและรายจ่ายรายวัน (1)
RCP000888,1968-01-12 00:00:00,B105,1,400.0,4412,สมุดบัญชีรายรับและรายจ่ายรายวัน (1)
RCP000889,1968-01-12 00:00:00,B107,1,400.0,4812,สมุดบัญชีรายรับและรายจ่ายรายวัน (1)
RCP000890,1968-01-12 00:00:00,N7,1,500.0,5312,สมุดบัญชีรายรับและรายจ่ายรายวัน (1)
RCP000211,1967-10-12 00:00:00,A111,1,400.0,โอนเข้าบัญชี,2-3 สมุดบัญชีรายรับ-รายจ่าย
RCP000981,1967-10-12 00:00:00,A111,1,400.0,โอนเข้าบัญชี,สมุดบัญชีรายรับและรายจ่ายรายวัน (1)
RCP000332,19/12/1968,B208,2,400.0,4778,2-3 สมุดบัญชีรายรับ-รายจ่าย
RCP000333,19/12/1968,B209,2,400.0,5178,2-3 สมุดบัญชีรายรับ-รายจ่าย
RCP000334,19/12/1968,A101,1,400.0,โอนบัญชี,2-3 สมุดบัญชีรายรับ-รายจ่าย
RCP000335,19/12/1968,A101,1,400.0,5078,2-3 สมุดบัญชีรายรับ-รายจ่าย
RCP000336,19/12/1968,A102,1,400.0,โอนบัญชี,2-3 สมุดบัญชีรายรับ-รายจ่าย
RCP000337,19/12/1968,A102,1,400.0,4978,2-3 สมุดบัญชีรายรับ-รายจ่าย
RCP000338,19/12/1968,B207,2,400.0,โอนบัญชี,2-3 สมุดบัญชีรายรับ-รายจ่าย
RCP000339,19/12/1968,B207,2,400.0,4878,2-3 สมุดบัญชีรายรับ-รายจ่าย
RCP000340,19/12/1968,A104,1,400.0,5278,2-3 สมุดบัญชีรายรับ-รายจ่าย
RCP000341,19/12/1968,A105,1,400.0,5678,2-3 สมุดบัญชีรายรับ-รายจ่าย
RCP000342,19/12/1968,A105,1,400.0,5778,2-3 สมุดบัญชีรายรับ-รายจ่าย
RCP000343,19/12/1968,A103,1,400.0,6178,2-3 สมุดบัญชีรายรับ-รายจ่าย
RCP000344,19/12/1968,A111,1,400.0,โอนบัญชี,2-3 สมุดบัญชีรายรับ-รายจ่าย
RCP000345,19/12/1968,B203,2,400.0,6578,2-3 สมุดบัญชีรายรับ-รายจ่าย
RCP000346,19/12/1968,B202,2,400.0,โอนบัญชี,2-3 สมุดบัญชีรายรับ-รายจ่าย
RCP000347,19/12/1968,B202,2,400.0,6478,2-3 สมุดบัญชีรายรับ-รายจ่าย
RCP000348,19/12/1968,N7,1,500.0,6978,2-3 สมุดบัญชีรายรับ-รายจ่าย
RCP000349,19/12/1968,B204,2,400.0,โอนบัญชี,2-3 สมุดบัญชีรายรับ-รายจ่าย
RCP000035,19/01/2026,B102,1,400.0,โอนมัลติ,สรุปบัญชีรายรับรายจ่าย มกราคม ถึง กุมภาพันธ์ ๒๕๖๙
RCP000036,19/01/2026,B101,1,400.0,โอนมัลติ,สรุปบัญชีรายรับรายจ่าย มกราคม ถึง กุมภาพันธ์ ๒๕๖๙
RCP000037,19/01/2026,B109,1,400.0,โอนมัลติ,สรุปบัญชีรายรับรายจ่าย มกราคม ถึง กุมภาพันธ์ ๒๕๖๙
RCP000038,19/01/2026,B110,1,400.0,โอนมัลติ,สรุปบัญชีรายรับรายจ่าย มกราคม ถึง กุมภาพันธ์ ๒๕๖๙
RCP000039,19/01/2026,N3,1,500.0,โอนมัลติ,สรุปบัญชีรายรับรายจ่าย มกราคม ถึง กุมภาพันธ์ ๒๕๖๙
RCP000105,19/01/2026,N7,1,500.0,Not in source,สรุปบัญชีรายรับรายจ่าย มกราคม ถึง กุมภาพันธ์ ๒๕๖๙
RCP000106,19/01/2026,B105,1,400.0,Not in source,สรุปบัญชีรายรับรายจ่าย มกราคม ถึง กุมภาพันธ์ ๒๕๖๙
RCP000107,19/01/2026,B103,1,400.0,โอนมัลติ,สรุปบัญชีรายรับรายจ่าย มกราคม ถึง กุมภาพันธ์ ๒๕๖๙
RCP000109,19/01/2026,A111,1,400.0,Not in source,สรุปบัญชีรายรับรายจ่าย มกราคม ถึง กุมภาพันธ์ ๒๕๖๙
RCP000110,19/01/2026,A103,1,400.0,Not in source,สรุปบัญชีรายรับรายจ่าย มกราคม ถึง กุมภาพันธ์ ๒๕๖๙
RCP000321,18/12/1968,A111,1,400.0,โอนเข้าบัญชี,2-3 สมุดบัญชีรายรับ-รายจ่าย
RCP000322,18/12/1968,B102,1,400.0,โอนเข้าบัญชี,2-3 สมุดบัญชีรายรับ-รายจ่าย
RCP000323,18/12/1968,B102,1,400.0,1114,2-3 สมุดบัญชีรายรับ-รายจ่าย
RCP000324,18/12/1968,A106,1,500.0,โอนเข้าบัญชี,2-3 สมุดบัญชีรายรับ-รายจ่าย
RCP000325,18/12/1968,A106,1,500.0,1014,2-3 สมุดบัญชีรายรับ-รายจ่าย
RCP000326,18/12/1968,N7,1,500.0,โอนเข้าบัญชี,2-3 สมุดบัญชีรายรับ-รายจ่าย
RCP000327,18/12/1968,N7,1,500.0,814,2-3 สมุดบัญชีรายรับ-รายจ่าย
RCP000328,18/12/1968,B101,1,400.0,1214,2-3 สมุดบัญชีรายรับ-รายจ่าย
RCP000034,18/01/2026,A106,1,500.0,โอนมัลติ,สรุปบัญชีรายรับรายจ่าย มกราคม ถึง กุมภาพันธ์ ๒๕๖๙
RCP000099,18/01/2026,A105,1,400.0,โอนบัญชี,สรุปบัญชีรายรับรายจ่าย มกราคม ถึง กุมภาพันธ์ ๒๕๖๙
RCP000100,18/01/2026,B111,1,500.0,Ascend,สรุปบัญชีรายรับรายจ่าย มกราคม ถึง กุมภาพันธ์ ๒๕๖๙
RCP000101,18/01/2026,B106,1,400.0,ค่าแอร์ไฟ,สรุปบัญชีรายรับรายจ่าย มกราคม ถึง กุมภาพันธ์ ๒๕๖๙
RCP000102,18/01/2026,B106,1,400.0,ออกมัดจำ,สรุปบัญชีรายรับรายจ่าย มกราคม ถึง กุมภาพันธ์ ๒๕๖๙
RCP000103,18/01/2026,B108,1,400.0,โอนมัลติ,สรุปบัญชีรายรับรายจ่าย มกราคม ถึง กุมภาพันธ์ ๒๕๖๙
RCP000299,17/12/1968,A105,1,400.0,โอนเข้าบัญชี,2-3 สมุดบัญชีรายรับ-รายจ่าย
RCP000301,17/12/1968,A103,1,400.0,Ascend,2-3 สมุดบัญชีรายรับ-รายจ่าย
RCP000302,17/12/1968,A102,1,400.0,โอนเข้าบัญชี,2-3 สมุดบัญชีรายรับ-รายจ่าย
RCP000303,17/12/1968,A102,1,400.0,894,2-3 สมุดบัญชีรายรับ-รายจ่าย
RCP000304,17/12/1968,B108,1,400.0,1294,2-3 สมุดบัญชีรายรับ-รายจ่าย
RCP000305,17/12/1968,A111,1,400.0,โอนเข้าบัญชี,2-3 สมุดบัญชีรายรับ-รายจ่าย
RCP000306,17/12/1968,A111,1,400.0,1194,2-3 สมุดบัญชีรายรับ-รายจ่าย
RCP000307,17/12/1968,A101,1,400.0,โอนเข้าบัญชี,2-3 สมุดบัญชีรายรับ-รายจ่าย
RCP000308,17/12/1968,A101,1,400.0,1094,2-3 สมุดบัญชีรายรับ-รายจ่าย
RCP000309,17/12/1968,B106,1,400.0,โอนเข้าบัญชี,2-3 สมุดบัญชีรายรับ-รายจ่าย
RCP000310,17/12/1968,B106,1,400.0,994,2-3 สมุดบัญชีรายรับ-รายจ่าย
RCP000311,17/12/1968,B105,1,400.0,1394,2-3 สมุดบัญชีรายรับ-รายจ่าย
RCP000312,17/12/1968,B104,1,400.0,โอนเข้าบัญชี,2-3 สมุดบัญชีรายรับ-รายจ่าย
RCP000313,17/12/1968,B104,1,400.0,1294,2-3 สมุดบัญชีรายรับ-รายจ่าย
RCP000314,17/12/1968,B103,1,400.0,โอนเข้าบัญชี,2-3 สมุดบัญชีรายรับ-รายจ่าย
RCP000315,17/12/1968,B103,1,400.0,1194,2-3 สมุดบัญชีรายรับ-รายจ่าย
RCP000316,17/12/1968,B103,1,400.0,1594,2-3 สมุดบัญชีรายรับ-รายจ่าย
RCP000317,17/12/1968,N7,1,500.0,2094,2-3 สมุดบัญชีรายรับ-รายจ่าย
RCP001069,17/12/1968,A105,1,400.0,โอนเข้าบัญชี,สมุดบัญชีรายรับและรายจ่ายรายวัน (1)
RCP001071,17/12/1968,A103,1,400.0,Ascend,สมุดบัญชีรายรับและรายจ่ายรายวัน (1)
RCP001072,17/12/1968,A102,1,400.0,โอนเข้าบัญชี,สมุดบัญชีรายรับและรายจ่ายรายวัน (1)
RCP001073,17/12/1968,A102,1,400.0,894,สมุดบัญชีรายรับและรายจ่ายรายวัน (1)
RCP001074,17/12/1968,B108,1,400.0,1294,สมุดบัญชีรายรับและรายจ่ายรายวัน (1)
RCP001075,17/12/1968,A111,1,400.0,โอนเข้าบัญชี,สมุดบัญชีรายรับและรายจ่ายรายวัน (1)
RCP001076,17/12/1968,A111,1,400.0,1194,สมุดบัญชีรายรับและรายจ่ายรายวัน (1)
RCP001077,17/12/1968,A101,1,400.0,โอนเข้าบัญชี,สมุดบัญชีรายรับและรายจ่ายรายวัน (1)
RCP001078,17/12/1968,A101,1,400.0,1094,สมุดบัญชีรายรับและรายจ่ายรายวัน (1)
RCP001079,17/12/1968,B106,1,400.0,โอนเข้าบัญชี,สมุดบัญชีรายรับและรายจ่ายรายวัน (1)
RCP001080,17/12/1968,B106,1,400.0,994,สมุดบัญชีรายรับและรายจ่ายรายวัน (1)
RCP001081,17/12/1968,B105,1,400.0,1394,สมุดบัญชีรายรับและรายจ่ายรายวัน (1)
RCP001082,17/12/1968,B104,1,400.0,โอนเข้าบัญชี,สมุดบัญชีรายรับและรายจ่ายรายวัน (1)
RCP001083,17/12/1968,B104,1,400.0,1294,สมุดบัญชีรายรับและรายจ่ายรายวัน (1)
RCP001084,17/12/1968,B103,1,400.0,โอนเข้าบัญชี,สมุดบัญชีรายรับและรายจ่ายรายวัน (1)
RCP001085,17/12/1968,B103,1,400.0,1194,สมุดบัญชีรายรับและรายจ่ายรายวัน (1)
RCP001086,17/12/1968,B103,1,400.0,1594,สมุดบัญชีรายรับและรายจ่ายรายวัน (1)
RCP001087,17/12/1968,N7,1,500.0,2094,สมุดบัญชีรายรับและรายจ่ายรายวัน (1)
RCP000032,17/01/2026,B106,1,400.0,โอนมัลติ,สรุปบัญชีรายรับรายจ่าย มกราคม ถึง กุมภาพันธ์ ๒๕๖๙
RCP000033,17/01/2026,A111,1,400.0,โอนมัลติ,สรุปบัญชีรายรับรายจ่าย มกราคม ถึง กุมภาพันธ์ ๒๕๖๙
RCP000097,17/01/2026,B106,1,400.0,ออกมัดจำ,สรุปบัญชีรายรับรายจ่าย มกราคม ถึง กุมภาพันธ์ ๒๕๖๙
RCP000098,17/01/2026,N2,1,500.0,ไม่มีมัดจำ,สรุปบัญชีรายรับรายจ่าย มกราคม ถึง กุมภาพันธ์ ๒๕๖๙
RCP000282,16/12/1968,A207,2,400.0,6792,2-3 สมุดบัญชีรายรับ-รายจ่าย
RCP000284,16/12/1968,B108,1,400.0,10692,2-3 สมุดบัญชีรายรับ-รายจ่าย
RCP000285,16/12/1968,B107,1,400.0,โอนเข้าบัญชี,2-3 สมุดบัญชีรายรับ-รายจ่าย
RCP000286,16/12/1968,A102,1,400.0,Ascend,2-3 สมุดบัญชีรายรับ-รายจ่าย
RCP000287,16/12/1968,B107,1,400.0,10592,2-3 สมุดบัญชีรายรับ-รายจ่าย
RCP000294,16/12/1968,A105,1,400.0,โอนเข้าบัญชี,2-3 สมุดบัญชีรายรับ-รายจ่าย
RCP000295,16/12/1968,A106,1,500.0,Ascend,2-3 สมุดบัญชีรายรับ-รายจ่าย
RCP001052,16/12/1968,A207,2,400.0,6792,สมุดบัญชีรายรับและรายจ่ายรายวัน (1)
RCP001054,16/12/1968,B108,1,400.0,10692,สมุดบัญชีรายรับและรายจ่ายรายวัน (1)
RCP001055,16/12/1968,B107,1,400.0,โอนเข้าบัญชี,สมุดบัญชีรายรับและรายจ่ายรายวัน (1)
RCP001056,16/12/1968,A102,1,400.0,Ascend,สมุดบัญชีรายรับและรายจ่ายรายวัน (1)
RCP001057,16/12/1968,B107,1,400.0,10592,สมุดบัญชีรายรับและรายจ่ายรายวัน (1)
RCP001064,16/12/1968,A105,1,400.0,โอนเข้าบัญชี,สมุดบัญชีรายรับและรายจ่ายรายวัน (1)
RCP001065,16/12/1968,A106,1,500.0,Ascend,สมุดบัญชีรายรับและรายจ่ายรายวัน (1)
RCP000027,16/01/2026,B107,1,400.0,โอนบัญชี,สรุปบัญชีรายรับรายจ่าย มกราคม ถึง กุมภาพันธ์ ๒๕๖๙
RCP000028,16/01/2026,A111,1,400.0,โอนบัญชี,สรุปบัญชีรายรับรายจ่าย มกราคม ถึง กุมภาพันธ์ ๒๕๖๙
RCP000029,16/01/2026,B105,1,400.0,โอนมัลติ,สรุปบัญชีรายรับรายจ่าย มกราคม ถึง กุมภาพันธ์ ๒๕๖๙
RCP000030,16/01/2026,B108,1,400.0,โอนมัลติ,สรุปบัญชีรายรับรายจ่าย มกราคม ถึง กุมภาพันธ์ ๒๕๖๙
RCP000031,16/01/2026,B106,1,400.0,โอนมัลติ,สรุปบัญชีรายรับรายจ่าย มกราคม ถึง กุมภาพันธ์ ๒๕๖๙
RCP000091,16/01/2026,B109,1,400.0,Not in source,สรุปบัญชีรายรับรายจ่าย มกราคม ถึง กุมภาพันธ์ ๒๕๖๙
RCP000092,16/01/2026,B110,1,400.0,Not in source,สรุปบัญชีรายรับรายจ่าย มกราคม ถึง กุมภาพันธ์ ๒๕๖๙
RCP000093,16/01/2026,B105,1,400.0,ออกมัดจำ,สรุปบัญชีรายรับรายจ่าย มกราคม ถึง กุมภาพันธ์ ๒๕๖๙
RCP000095,16/01/2026,A105,1,400.0,Not in source,สรุปบัญชีรายรับรายจ่าย มกราคม ถึง กุมภาพันธ์ ๒๕๖๙
RCP000096,16/01/2026,B103,1,400.0,Not in source,สรุปบัญชีรายรับรายจ่าย มกราคม ถึง กุมภาพันธ์ ๒๕๖๙
RCP000275,15/12/1968,A111,1,400.0,2092,2-3 สมุดบัญชีรายรับ-รายจ่าย
RCP000276,15/12/1968,N2,1,500.0,2592,2-3 สมุดบัญชีรายรับ-รายจ่าย
RCP000277,15/12/1968,B105,1,400.0,โอนเข้าบัญชี,2-3 สมุดบัญชีรายรับ-รายจ่าย
RCP000278,15/12/1968,B105,1,400.0,2492,2-3 สมุดบัญชีรายรับ-รายจ่าย
RCP000279,15/12/1968,B106,1,400.0,2892,2-3 สมุดบัญชีรายรับ-รายจ่าย
RCP000280,15/12/1968,B107,1,400.0,3292,2-3 สมุดบัญชีรายรับ-รายจ่าย
RCP000281,15/12/1968,A102,1,400.0,Ascend,2-3 สมุดบัญชีรายรับ-รายจ่าย
RCP001045,15/12/1968,A111,1,400.0,2092,สมุดบัญชีรายรับและรายจ่ายรายวัน (1)
RCP001046,15/12/1968,N2,1,500.0,2592,สมุดบัญชีรายรับและรายจ่ายรายวัน (1)
RCP001047,15/12/1968,B105,1,400.0,โอนเข้าบัญชี,สมุดบัญชีรายรับและรายจ่ายรายวัน (1)
RCP001048,15/12/1968,B105,1,400.0,2492,สมุดบัญชีรายรับและรายจ่ายรายวัน (1)
RCP001049,15/12/1968,B106,1,400.0,2892,สมุดบัญชีรายรับและรายจ่ายรายวัน (1)
RCP001050,15/12/1968,B107,1,400.0,3292,สมุดบัญชีรายรับและรายจ่ายรายวัน (1)
RCP001051,15/12/1968,A102,1,400.0,Ascend,สมุดบัญชีรายรับและรายจ่ายรายวัน (1)
RCP000026,15/01/2026,B104,1,400.0,โอนมัลติ,สรุปบัญชีรายรับรายจ่าย มกราคม ถึง กุมภาพันธ์ ๒๕๖๙
RCP000087,15/01/2026,N2,1,500.0,โอนบัญชี,สรุปบัญชีรายรับรายจ่าย มกราคม ถึง กุมภาพันธ์ ๒๕๖๙
RCP000088,15/01/2026,B105,1,400.0,Not in source,สรุปบัญชีรายรับรายจ่าย มกราคม ถึง กุมภาพันธ์ ๒๕๖๙
RCP000089,15/01/2026,A102,1,400.0,Not in source,สรุปบัญชีรายรับรายจ่าย มกราคม ถึง กุมภาพันธ์ ๒๕๖๙
RCP000090,15/01/2026,B108,1,400.0,โอนมัลติ,สรุปบัญชีรายรับรายจ่าย มกราคม ถึง กุมภาพันธ์ ๒๕๖๙
RCP000270,14/12/1968,A104,1,400.0,2709,2-3 สมุดบัญชีรายรับ-รายจ่าย
RCP000272,14/12/1968,A106,1,500.0,โอนเข้าบัญชี,2-3 สมุดบัญชีรายรับ-รายจ่าย
RCP000273,14/12/1968,A105,1,400.0,โอนเข้าบัญชี,2-3 สมุดบัญชีรายรับ-รายจ่าย
RCP000274,14/12/1968,A106,1,500.0,1692,2-3 สมุดบัญชีรายรับ-รายจ่าย
RCP001040,14/12/1968,A104,1,400.0,2709,สมุดบัญชีรายรับและรายจ่ายรายวัน (1)
RCP001042,14/12/1968,A106,1,500.0,โอนเข้าบัญชี,สมุดบัญชีรายรับและรายจ่ายรายวัน (1)
RCP001043,14/12/1968,A105,1,400.0,โอนเข้าบัญชี,สมุดบัญชีรายรับและรายจ่ายรายวัน (1)
RCP001044,14/12/1968,A106,1,500.0,1692,สมุดบัญชีรายรับและรายจ่ายรายวัน (1)
RCP000024,14/01/2026,N7,1,500.0,โอนมัลติ,สรุปบัญชีรายรับรายจ่าย มกราคม ถึง กุมภาพันธ์ ๒๕๖๙
RCP000025,14/01/2026,B103,1,400.0,โอนมัลติ,สรุปบัญชีรายรับรายจ่าย มกราคม ถึง กุมภาพันธ์ ๒๕๖๙
RCP000084,14/01/2026,B107,1,400.0,Not in source,สรุปบัญชีรายรับรายจ่าย มกราคม ถึง กุมภาพันธ์ ๒๕๖๙
RCP000085,14/01/2026,N2,1,500.0,Not in source,สรุปบัญชีรายรับรายจ่าย มกราคม ถึง กุมภาพันธ์ ๒๕๖๙
RCP000086,14/01/2026,B109,1,400.0,ออกมัดจำ,สรุปบัญชีรายรับรายจ่าย มกราคม ถึง กุมภาพันธ์ ๒๕๖๙
RCP000258,13/12/1968,A111,1,400.0,1409,2-3 สมุดบัญชีรายรับ-รายจ่าย
RCP000259,13/12/1968,B107,1,400.0,1809,2-3 สมุดบัญชีรายรับ-รายจ่าย
RCP000260,13/12/1968,B106,1,400.0,โอนเข้าบัญชี,2-3 สมุดบัญชีรายรับ-รายจ่าย
RCP000261,13/12/1968,B106,1,400.0,1709,2-3 สมุดบัญชีรายรับ-รายจ่าย
RCP000262,13/12/1968,B108,1,400.0,โอนเข้าบัญชี,2-3 สมุดบัญชีรายรับ-รายจ่าย
RCP000263,13/12/1968,B108,1,400.0,1609,2-3 สมุดบัญชีรายรับ-รายจ่าย
RCP000264,13/12/1968,B109,1,400.0,โอนเข้าบัญชี,2-3 สมุดบัญชีรายรับ-รายจ่าย
RCP000265,13/12/1968,B109,1,400.0,1509,2-3 สมุดบัญชีรายรับ-รายจ่าย
RCP000266,13/12/1968,A105,1,400.0,โอนเข้าบัญชี,2-3 สมุดบัญชีรายรับ-รายจ่าย
RCP000267,13/12/1968,A105,1,400.0,1409,2-3 สมุดบัญชีรายรับ-รายจ่าย
RCP000268,13/12/1968,N3,1,500.0,1909,2-3 สมุดบัญชีรายรับ-รายจ่าย
RCP000269,13/12/1968,B105,1,400.0,2309,2-3 สมุดบัญชีรายรับ-รายจ่าย
RCP001028,13/12/1968,A111,1,400.0,1409,สมุดบัญชีรายรับและรายจ่ายรายวัน (1)
RCP001029,13/12/1968,B107,1,400.0,1809,สมุดบัญชีรายรับและรายจ่ายรายวัน (1)
RCP001030,13/12/1968,B106,1,400.0,โอนเข้าบัญชี,สมุดบัญชีรายรับและรายจ่ายรายวัน (1)
RCP001031,13/12/1968,B106,1,400.0,1709,สมุดบัญชีรายรับและรายจ่ายรายวัน (1)
RCP001032,13/12/1968,B108,1,400.0,โอนเข้าบัญชี,สมุดบัญชีรายรับและรายจ่ายรายวัน (1)
RCP001033,13/12/1968,B108,1,400.0,1609,สมุดบัญชีรายรับและรายจ่ายรายวัน (1)
RCP001034,13/12/1968,B109,1,400.0,โอนเข้าบัญชี,สมุดบัญชีรายรับและรายจ่ายรายวัน (1)
RCP001035,13/12/1968,B109,1,400.0,1509,สมุดบัญชีรายรับและรายจ่ายรายวัน (1)
RCP001036,13/12/1968,A105,1,400.0,โอนเข้าบัญชี,สมุดบัญชีรายรับและรายจ่ายรายวัน (1)
RCP001037,13/12/1968,A105,1,400.0,1409,สมุดบัญชีรายรับและรายจ่ายรายวัน (1)
RCP001038,13/12/1968,N3,1,500.0,1909,สมุดบัญชีรายรับและรายจ่ายรายวัน (1)
RCP001039,13/12/1968,B105,1,400.0,2309,สมุดบัญชีรายรับและรายจ่ายรายวัน (1)
RCP000021,13/01/2026,N3,1,500.0,โอนมัลติ,สรุปบัญชีรายรับรายจ่าย มกราคม ถึง กุมภาพันธ์ ๒๕๖๙
RCP000022,13/01/2026,A105,1,400.0,ไม่มีมัดจำ,สรุปบัญชีรายรับรายจ่าย มกราคม ถึง กุมภาพันธ์ ๒๕๖๙
RCP000023,13/01/2026,A104,1,400.0,โอนมัลติ,สรุปบัญชีรายรับรายจ่าย มกราคม ถึง กุมภาพันธ์ ๒๕๖๙
RCP000079,13/01/2026,B106,1,400.0,โอนมัลติ,สรุปบัญชีรายรับรายจ่าย มกราคม ถึง กุมภาพันธ์ ๒๕๖๙
RCP000080,13/01/2026,B105,1,400.0,โอนมัลติ,สรุปบัญชีรายรับรายจ่าย มกราคม ถึง กุมภาพันธ์ ๒๕๖๙
RCP000081,13/01/2026,B110,1,400.0,โอนมัลติ,สรุปบัญชีรายรับรายจ่าย มกราคม ถึง กุมภาพันธ์ ๒๕๖๙
RCP000082,13/01/2026,N2,1,500.0,Not in source,สรุปบัญชีรายรับรายจ่าย มกราคม ถึง กุมภาพันธ์ ๒๕๖๙
RCP000083,13/01/2026,N7,1,500.0,ไม่มีมัดจำ,สรุปบัญชีรายรับรายจ่าย มกราคม ถึง กุมภาพันธ์ ๒๕๖๙
RCP000460,,A207,2,400.0,Walk-in,2-2 จองห้อง
RCP000461,,A111,1,400.0,Walk-in,2-2 จองห้อง
RCP000462,,B110,1,400.0,Line,2-2 จองห้อง
RCP000463,,N2,1,500.0,Walk-in,2-2 จองห้อง
RCP000464,,B107,1,400.0,Walk-in,2-2 จองห้อง
RCP000465,,A105,1,400.0,Walk-in,2-2 จองห้อง
RCP000466,,A103,1,400.0,Walk-in,2-2 จองห้อง
RCP000467,,A107,1,500.0,Walk-in,2-2 จองห้อง
RCP000468,,A102,1,400.0,Walk-in,2-2 จองห้อง
RCP000469,,A108,1,500.0,Walk-in,2-2 จองห้อง
RCP000470,,A104,1,400.0,Walk-in,2-2 จองห้อง
RCP000471,,A101,1,400.0,Walk-in,2-2 จองห้อง
RCP000472,,B109,1,400.0,โทรศัพท์,2-2 จองห้อง
RCP000473,,B108,1,400.0,โทรศัพท์,2-2 จองห้อง
RCP000474,,N2,1,500.0,Walk-in,2-2 จองห้อง
RCP000475,,B106,1,400.0,Walk-in,2-2 จองห้อง
RCP000476,,A102,1,400.0,Walk-in,2-2 จองห้อง
RCP000477,,B104,1,400.0,Walk-in,2-2 จองห้อง
RCP000478,,B105,1,400.0,Walk-in,2-2 จองห้อง
RCP000479,,A111,1,400.0,Walk-in,2-2 จองห้อง
RCP000480,,A108,1,500.0,Walk-in,2-2 จองห้อง
RCP000481,,A106,1,500.0,Walk-in,2-2 จองห้อง
RCP000482,,A104,1,400.0,Walk-in,2-2 จองห้อง
RCP000483,,A103,1,400.0,Walk-in,2-2 จองห้อง
RCP000484,,A105,1,400.0,Walk-in,2-2 จองห้อง
RCP000485,,A107,1,500.0,Walk-in,2-2 จองห้อง
RCP000486,,B110,1,400.0,Walk-in,2-2 จองห้อง
RCP000487,,B103,1,400.0,Walk-in,2-2 จองห้อง
RCP000488,,B102,1,400.0,Walk-in,2-2 จองห้อง
RCP000489,,B101,1,400.0,Walk-in,2-2 จองห้อง
RCP000490,,N3,1,500.0,Walk-in,2-2 จองห้อง
RCP000491,,B105,1,400.0,Walk-in,2-2 จองห้อง
RCP000492,,A101,1,400.0,โทรศัพท์,2-2 จองห้อง
RCP000493,,A102,1,400.0,โทรศัพท์,2-2 จองห้อง
RCP000494,,B209,2,400.0,Line,2-2 จองห้อง
RCP000495,,B206,2,400.0,Line,2-2 จองห้อง
RCP000496,,B211,2,400.0,Line,2-2 จองห้อง
RCP000497,,N1,1,600.0,Line,2-2 จองห้อง
RCP000498,,N5,1,600.0,Line,2-2 จองห้อง
RCP000499,,N6,1,600.0,Line,2-2 จองห้อง
RCP000500,,A106,1,500.0,Line,2-2 จองห้อง
RCP000501,,A107,1,500.0,Line,2-2 จองห้อง
RCP000502,,A108,1,500.0,Line,2-2 จองห้อง
RCP000503,,A109,1,500.0,Line,2-2 จองห้อง
RCP000504,,A110,1,500.0,Line,2-2 จองห้อง
RCP000505,,B111,1,500.0,Line,2-2 จองห้อง
RCP000506,,B101,1,400.0,Line,2-2 จองห้อง
RCP000507,,B102,1,400.0,Line,2-2 จองห้อง
RCP000508,,B103,1,400.0,Line,2-2 จองห้อง
RCP000509,,B104,1,400.0,Line,2-2 จองห้อง
RCP000510,,B105,1,400.0,Line,2-2 จองห้อง
RCP000511,,B106,1,400.0,Line,2-2 จองห้อง
RCP000512,,B107,1,400.0,Line,2-2 จองห้อง
RCP000513,,B108,1,400.0,Line,2-2 จองห้อง
RCP000514,,B109,1,400.0,Line,2-2 จองห้อง
RCP000515,,B110,1,400.0,Line,2-2 จองห้อง
RCP000516,,B208,2,400.0,Line,2-2 จองห้อง
RCP000517,,B207,2,400.0,Line,2-2 จองห้อง
RCP000518,,A105,1,400.0,Walk-in,2-2 จองห้อง
RCP000519,,A111,1,400.0,Walk-in,2-2 จองห้อง
RCP000520,,A207,2,400.0,Walk-in,2-2 จองห้อง
RCP000521,,A104,1,400.0,Walk-in,2-2 จองห้อง
RCP000522,,B204,2,400.0,Walk-in,2-2 จองห้อง
RCP000523,,B205,2,400.0,Walk-in,2-2 จองห้อง
RCP000524,,N7,1,500.0,Walk-in,2-2 จองห้อง
RCP000525,,A101,1,400.0,Walk-in,2-2 จองห้อง
RCP000526,,A102,1,400.0,Walk-in,2-2 จองห้อง
RCP000527,,A103,1,400.0,Walk-in,2-2 จองห้อง
RCP000528,,A104,1,400.0,Walk-in,2-2 จองห้อง
RCP000529,,A207,2,400.0,Walk-in,2-2 จองห้อง
RCP000530,,B203,2,400.0,Walk-in,2-2 จองห้อง
RCP000531,,N7,1,500.0,Walk-in,2-2 จองห้อง
RCP000532,,N2,1,500.0,Walk-in,2-2 จองห้อง
RCP000533,,N3,1,500.0,Walk-in,2-2 จองห้อง
RCP000534,,B201,2,400.0,Walk-in,2-2 จองห้อง
RCP000535,,N4,1,600.0,Walk-in,2-2 จองห้อง
RCP000536,,A111,1,400.0,Walk-in,2-2 จองห้อง
RCP000537,,A105,1,400.0,Walk-in,2-2 จองห้อง
RCP000538,,A101,1,400.0,Walk-in,2-2 จองห้อง
RCP000539,,A102,1,400.0,Walk-in,2-2 จองห้อง
RCP000540,,A103,1,400.0,Walk-in,2-2 จองห้อง
RCP000541,,N3,1,500.0,Walk-in,2-2 จองห้อง
RCP000542,,A209,2,400.0,Walk-in,2-2 จองห้อง
RCP000543,,A101,1,400.0,Walk-in,2-2 จองห้อง
RCP000544,,B108,1,400.0,โอนเงิน,2-2 จองห้อง
RCP000545,,B104,1,400.0,โอนเงิน,2-2 จองห้อง
RCP000546,,B101,1,400.0,โอนเงิน,2-2 จองห้อง
RCP000547,,A111,1,400.0,โอนเงิน,2-2 จองห้อง
RCP000548,,A103,1,400.0,โอนเงิน,2-2 จองห้อง
RCP000549,,A104,1,400.0,โอนเงิน,2-2 จองห้อง
RCP000550,,A105,1,400.0,โอนเงิน,2-2 จองห้อง
RCP000551,,B106,1,400.0,โอนเงิน,2-2 จองห้อง
RCP000552,,B105,1,400.0,โอนเงิน,2-2 จองห้อง
RCP000553,,B102,1,400.0,โอนเงิน,2-2 จองห้อง
RCP000554,,B107,1,400.0,โอนเงิน,2-2 จองห้อง
RCP000555,,B108,1,400.0,โอนเงิน,2-2 จองห้อง
RCP000556,,B104,1,400.0,โอนเงิน,2-2 จองห้อง
RCP000557,,B103,1,400.0,โอนเงิน,2-2 จองห้อง
RCP000558,,B106,1,400.0,โอนเงิน,2-2 จองห้อง
RCP000559,,A105,1,400.0,โอนเงิน,2-2 จองห้อง
RCP000560,,B109,1,400.0,โอนเงิน,2-2 จองห้อง
RCP000561,,N7,1,500.0,โอนเงิน,2-2 จองห้อง
RCP000562,,N3,1,500.0,โอนเงิน,2-2 จองห้อง
RCP000563,,A207,2,400.0,โอนเงิน,2-2 จองห้อง
RCP000564,,B103,1,400.0,โอนเงิน,2-2 จองห้อง
RCP000565,,B109,1,400.0,โอนเงิน,2-2 จองห้อง
RCP000566,,B107,1,400.0,โอนเงิน,2-2 จองห้อง
RCP000567,,A111,1,400.0,โอนเงิน,2-2 จองห้อง
RCP000568,,B106,1,400.0,โอนเงิน,2-2 จองห้อง
RCP000569,,B110,1,400.0,โอนเงิน,2-2 จองห้อง
RCP000570,,N2,1,500.0,โอนเงิน,2-2 จองห้อง
RCP000571,,B107,1,400.0,โอนเงิน,2-2 จองห้อง
RCP000572,,B206,2,400.0,โอนเงิน,2-2 จองห้อง
RCP000573,,N2,1,500.0,โอนเงิน,2-2 จองห้อง
RCP000574,,A107,1,500.0,โอนเงิน,2-2 จองห้อง
RCP000575,,N3,1,500.0,โอนเงิน,2-2 จองห้อง
RCP000576,,A105,1,400.0,โอนเงิน,2-2 จองห้อง
RCP000577,,B101,1,400.0,โอนเงิน,2-2 จองห้อง
RCP000578,,N7,1,500.0,โอนเงิน,2-2 จองห้อง
RCP000579,,B106,1,400.0,โอนเงิน,2-2 จองห้อง
RCP000580,,N2,1,500.0,โอนเงิน,2-2 จองห้อง
RCP000581,,A103,1,400.0,โอนเงิน,2-2 จองห้อง
RCP000582,,N3,1,500.0,โอนเงิน,2-2 จองห้อง
RCP000583,,N7,1,500.0,โอนเงิน,2-2 จองห้อง
RCP000584,,B105,1,400.0,โอนเงิน,2-2 จองห้อง
RCP000585,,B104,1,400.0,โอนเงิน,2-2 จองห้อง
RCP000586,,B108,1,400.0,โอนเงิน,2-2 จองห้อง
RCP000587,,A104,1,400.0,โอนเงิน,2-2 จองห้อง
RCP000588,,B103,1,400.0,โอนเงิน,2-2 จองห้อง
RCP000589,,A105,1,400.0,โอนเงิน,2-2 จองห้อง
RCP000590,,B101,1,400.0,โอนเงิน,2-2 จองห้อง
RCP000591,,B110,1,400.0,โอนเงิน,2-2 จองห้อง
RCP000592,,N2,1,500.0,โอนเงิน,2-2 จองห้อง
RCP000593,,A106,1,500.0,โอนเงิน,2-2 จองห้อง
RCP000594,,B107,1,400.0,โอนเงิน,2-2 จองห้อง
RCP000595,,A103,1,400.0,โอนเงิน,2-2 จองห้อง
RCP000596,,N3,1,500.0,โอนเงิน,2-2 จองห้อง
RCP000597,,N4,1,600.0,โอนเงิน,2-2 จองห้อง
RCP000598,,A105,1,400.0,โอนเงิน,2-2 จองห้อง
RCP000599,,A107,1,500.0,โอนเงิน,2-2 จองห้อง
RCP000600,,B110,1,400.0,โอนเงิน,2-2 จองห้อง
RCP000601,,B107,1,400.0,โอนเงิน,2-2 จองห้อง
RCP000602,,A102,1,400.0,โอนเงิน,2-2 จองห้อง
RCP000603,,A207,2,400.0,โอนเงิน,2-2 จองห้อง
RCP000604,,B108,1,400.0,โอนเงิน,2-2 จองห้อง
RCP000605,,A101,1,400.0,โอนเงิน,2-2 จองห้อง
RCP000606,,A103,1,400.0,โอนเงิน,2-2 จองห้อง
RCP000607,,B106,1,400.0,โอนเงิน,2-2 จองห้อง
RCP000608,,A102,1,400.0,โอนเงิน,2-2 จองห้อง
RCP000609,,B104,1,400.0,โอนเงิน,2-2 จองห้อง
RCP000610,,B105,1,400.0,โอนเงิน,2-2 จองห้อง
RCP000611,,A111,1,400.0,โอนเงิน,2-2 จองห้อง
RCP000612,,A108,1,500.0,โอนเงิน,2-2 จองห้อง
RCP000613,,B108,1,400.0,โอนเงิน,2-2 จองห้อง
RCP000614,,A105,1,400.0,โอนเงิน,2-2 จองห้อง
RCP000615,,A107,1,500.0,โอนเงิน,2-2 จองห้อง
RCP000616,,B110,1,400.0,โอนเงิน,2-2 จองห้อง
RCP000617,,B103,1,400.0,โอนเงิน,2-2 จองห้อง
RCP000618,,B102,1,400.0,โอนเงิน,2-2 จองห้อง
RCP000619,,B101,1,400.0,โอนเงิน,2-2 จองห้อง
RCP000620,,A103,1,400.0,โอนเงิน,2-2 จองห้อง
RCP000621,,A111,1,400.0,โอนเงิน,2-2 จองห้อง
RCP000622,,A101,1,400.0,โอนเงิน,2-2 จองห้อง
RCP000623,,A102,1,400.0,โอนเงิน,2-2 จองห้อง
RCP000624,,B107,1,400.0,โอนเงิน,2-2 จองห้อง
RCP000625,,N7,1,500.0,โอนเงิน,2-2 จองห้อง
RCP000626,,B108,1,400.0,โอนเงิน,2-2 จองห้อง
RCP000627,,B110,1,400.0,โอนเงิน,2-2 จองห้อง
RCP000628,,B111,1,500.0,โอนเงิน,2-2 จองห้อง
RCP000629,,A105,1,400.0,โอนเงิน,2-2 จองห้อง
RCP000630,,A111,1,400.0,โอนเงิน,2-2 จองห้อง
RCP000631,,A207,2,400.0,โอนเงิน,2-2 จองห้อง
RCP000632,,N7,1,500.0,โอนเงิน,2-2 จองห้อง
RCP000633,,A103,1,400.0,โอนเงิน,2-2 จองห้อง
RCP000634,,N4,1,600.0,โอนเงิน,2-2 จองห้อง
RCP000635,,N2,1,500.0,โอนเงิน,2-2 จองห้อง
RCP000636,,N3,1,500.0,โอนเงิน,2-2 จองห้อง
RCP000637,,A104,1,400.0,โอนเงิน,2-2 จองห้อง
RCP000638,,A102,1,400.0,โอนเงิน,2-2 จองห้อง
RCP000639,,A101,1,400.0,โอนเงิน,2-2 จองห้อง
RCP000640,,A207,2,400.0,โอนเงิน,2-2 จองห้อง
RCP000641,,N7,1,500.0,โอนเงิน,2-2 จองห้อง
RCP000642,,A111,1,400.0,โอนเงิน,2-2 จองห้อง
RCP000643,,A105,1,400.0,โอนเงิน,2-2 จองห้อง
RCP000644,,A102,1,400.0,โอนเงิน,2-2 จองห้อง
RCP000645,,A209,2,400.0,โอนเงิน,2-2 จองห้อง
RCP000646,,A106,1,500.0,โอนเงิน,2-2 จองห้อง
RCP000647,,N7,1,500.0,โอนเงิน,2-2 จองห้อง
RCP000648,,B108,1,400.0,โอนเงิน,2-2 จองห้อง
RCP000649,,B106,1,400.0,โอนเงิน,2-2 จองห้อง
RCP000650,,B107,1,400.0,โอนเงิน,2-2 จองห้อง
RCP000651,,N3,1,500.0,โอนเงิน,2-2 จองห้อง
RCP000652,,N2,1,500.0,โอนเงิน,2-2 จองห้อง
RCP000653,,B107,1,400.0,โอนเงิน,2-2 จองห้อง
RCP000654,,B108,1,400.0,โอนเงิน,2-2 จองห้อง
RCP000655,,A104,1,400.0,โอนเงิน,2-2 จองห้อง
RCP000656,,N3,1,500.0,โอนเงิน,2-2 จองห้อง
RCP000657,,B107,1,400.0,โอนเงิน,2-2 จองห้อง
RCP000658,,B108,1,400.0,โอนเงิน,2-2 จองห้อง
RCP000659,,B110,1,400.0,โอนเงิน,2-2 จองห้อง
RCP000660,,N2,1,500.0,โอนเงิน,2-2 จองห้อง
RCP000661,,B102,1,400.0,โอนเงิน,2-2 จองห้อง
RCP000662,,A111,1,400.0,โอนเงิน,2-2 จองห้อง
RCP000663,,B110,1,400.0,โอนเงิน,2-2 จองห้อง
RCP000664,,B106,1,400.0,โอนเงิน,2-2 จองห้อง
RCP000665,,B105,1,400.0,โอนเงิน,2-2 จองห้อง
RCP000666,,B108,1,400.0,โอนเงิน,2-2 จองห้อง
RCP000667,,B109,1,400.0,โอนเงิน,2-2 จองห้อง
RCP000668,,N7,1,500.0,โอนเงิน,2-2 จองห้อง
RCP000669,,B104,1,400.0,โอนเงิน,2-2 จองห้อง
RCP000670,,A111,1,400.0,โอนเงิน,2-2 จองห้อง
RCP000671,,B106,1,400.0,โอนเงิน,2-2 จองห้อง
RCP000672,,B106,1,400.0,โอนเงิน,2-2 จองห้อง
RCP000673,,N2,1,500.0,โอนเงิน,2-2 จองห้อง
RCP000674,,B103,1,400.0,โอนเงิน,2-2 จองห้อง
RCP000675,,B105,1,400.0,โอนเงิน,2-2 จองห้อง
RCP000676,,B107,1,400.0,โอนเงิน,2-2 จองห้อง
RCP000677,,N7,1,500.0,โอนเงิน,2-2 จองห้อง
RCP000678,,B107,1,400.0,โอนเงิน,2-2 จองห้อง
RCP000679,,A103,1,400.0,โอนเงิน,2-2 จองห้อง
RCP000680,,B106,1,400.0,โอนเงิน,2-2 จองห้อง
RCP000681,,B104,1,400.0,โอนเงิน,2-2 จองห้อง
RCP000682,,A105,1,400.0,โอนเงิน,2-2 จองห้อง
RCP000683,,B105,1,400.0,โอนเงิน,2-2 จองห้อง
RCP000684,,N6,1,600.0,โอนเงิน,2-2 จองห้อง
RCP000685,,B108,1,400.0,โอนเงิน,2-2 จองห้อง
RCP000686,,B104,1,400.0,โอนเงิน,2-2 จองห้อง
RCP000687,,B106,1,400.0,โอนเงิน,2-2 จองห้อง
RCP000688,,N7,1,500.0,โอนเงิน,2-2 จองห้อง
RCP000689,,N7,1,500.0,โอนเงิน,2-2 จองห้อง
RCP000690,,B105,1,400.0,โอนเงิน,2-2 จองห้อง
RCP000691,,B110,1,400.0,โอนเงิน,2-2 จองห้อง
RCP000692,,A111,1,400.0,โอนเงิน,2-2 จองห้อง
RCP000693,,A104,1,400.0,โอนเงิน,2-2 จองห้อง
RCP000694,,B107,1,400.0,โอนเงิน,2-2 จองห้อง
RCP000695,,B108,1,400.0,โอนเงิน,2-2 จองห้อง
RCP000696,,B104,1,400.0,โอนเงิน,2-2 จองห้อง
RCP000697,,B106,1,400.0,โอนเงิน,2-2 จองห้อง
RCP000698,,B107,1,400.0,โอนเงิน,2-2 จองห้อง
RCP000699,,A104,1,400.0,โอนเงิน,2-2 จองห้อง
RCP000700,,A105,1,400.0,โอนเงิน,2-2 จองห้อง
RCP000701,,A106,1,500.0,โอนเงิน,2-2 จองห้อง
RCP000702,,B105,1,400.0,โอนเงิน,2-2 จองห้อง
RCP000703,,A103,1,400.0,โอนเงิน,2-2 จองห้อง
RCP000704,,N7,1,500.0,โอนเงิน,2-2 จองห้อง
RCP000705,,B106,1,400.0,โอนเงิน,2-2 จองห้อง
RCP000706,,B104,1,400.0,โอนเงิน,2-2 จองห้อง
RCP000707,,B105,1,400.0,โอนเงิน,2-2 จองห้อง
RCP000708,,N2,1,500.0,โอนเงิน,2-2 จองห้อง
RCP000709,,B110,1,400.0,โอนเงิน,2-2 จองห้อง
RCP000710,,B107,1,400.0,โอนเงิน,2-2 จองห้อง
RCP000711,,A105,1,400.0,โอนเงิน,2-2 จองห้อง
RCP000712,,B106,1,400.0,โอนเงิน,2-2 จองห้อง
RCP000713,,B109,1,400.0,โอนเงิน,2-2 จองห้อง
RCP000714,,B107,1,400.0,โอนเงิน,2-2 จองห้อง
RCP000715,,B108,1,400.0,โอนเงิน,2-2 จองห้อง
RCP000716,,N2,1,500.0,โอนเงิน,2-2 จองห้อง
RCP000717,,B106,1,400.0,โอนเงิน,2-2 จองห้อง
RCP000718,,B105,1,400.0,โอนเงิน,2-2 จองห้อง
RCP000719,,N2,1,500.0,โอนเงิน,2-2 จองห้อง
RCP000720,,N7,1,500.0,โอนเงิน,2-2 จองห้อง
RCP000721,,B107,1,400.0,โอนเงิน,2-2 จองห้อง
RCP000722,,N3,1,500.0,โอนเงิน,2-2 จองห้อง
RCP000723,,B101,1,400.0,โอนเงิน,2-2 จองห้อง
RCP000724,,N4,1,600.0,โอนเงิน,2-2 จองห้อง
RCP000725,,B108,1,400.0,โอนเงิน,2-2 จองห้อง
RCP000726,,B104,1,400.0,โอนเงิน,2-2 จองห้อง
RCP000727,,B103,1,400.0,โอนเงิน,2-2 จองห้อง
RCP000728,,A111,1,400.0,โอนเงิน,2-2 จองห้อง
RCP000729,,B101,1,400.0,โอนเงิน,2-2 จองห้อง
RCP000730,,B106,1,400.0,โอนเงิน,2-2 จองห้อง
RCP000731,,B107,1,400.0,โอนเงิน,2-2 จองห้อง
RCP000732,,A111,1,400.0,โอนเงิน,2-2 จองห้อง
RCP000733,,B106,1,400.0,โอนเงิน,2-2 จองห้อง
RCP000734,,B109,1,400.0,โอนเงิน,2-2 จองห้อง
RCP000735,,N2,1,500.0,โอนเงิน,2-2 จองห้อง
RCP000736,,A108,1,500.0,โอนเงิน,2-2 จองห้อง
RCP000737,,B104,1,400.0,โอนเงิน,2-2 จองห้อง
RCP000738,,B105,1,400.0,โอนเงิน,2-2 จองห้อง
RCP000739,,N3,1,500.0,โอนเงิน,2-2 จองห้อง
RCP000740,,A105,1,400.0,โอนเงิน,2-2 จองห้อง
RCP000741,,B107,1,400.0,โอนเงิน,2-2 จองห้อง
RCP000742,,A111,1,400.0,โอนเงิน,2-2 จองห้อง
RCP000743,,N7,1,500.0,โอนเงิน,2-2 จองห้อง
RCP000744,,B106,1,400.0,โอนเงิน,2-2 จองห้อง
RCP000745,,B105,1,400.0,โอนเงิน,2-2 จองห้อง
RCP000746,,B108,1,400.0,โอนเงิน,2-2 จองห้อง
RCP000747,,A104,1,400.0,โอนเงิน,2-2 จองห้อง
RCP000748,,A105,1,400.0,โอนเงิน,2-2 จองห้อง
RCP000749,,B106,1,400.0,โอนเงิน,2-2 จองห้อง
RCP000750,,B108,1,400.0,โอนเงิน,2-2 จองห้อง
RCP000751,,B109,1,400.0,โอนเงิน,2-2 จองห้อง
RCP000752,,B107,1,400.0,โอนเงิน,2-2 จองห้อง
RCP000753,,A104,1,400.0,โอนเงิน,2-2 จองห้อง
RCP000754,,B105,1,400.0,โอนเงิน,2-2 จองห้อง
RCP000755,,A101,1,400.0,โอนเงิน,2-2 จองห้อง
RCP000756,,A111,1,400.0,โอนเงิน,2-2 จองห้อง
RCP000757,,B107,1,400.0,โอนเงิน,2-2 จองห้อง
RCP000758,,A105,1,400.0,โอนเงิน,2-2 จองห้อง
RCP000759,,N3,1,500.0,โอนเงิน,2-2 จองห้อง
RCP000760,,B105,1,400.0,โอนเงิน,2-2 จองห้อง
RCP000761,,A104,1,400.0,โอนเงิน,2-2 จองห้อง
RCP000762,,A105,1,400.0,โอนเงิน,2-2 จองห้อง
RCP000763,,A111,1,400.0,โอนเงิน,2-2 จองห้อง
RCP000764,,N2,1,500.0,โอนเงิน,2-2 จองห้อง
RCP000765,,B105,1,400.0,โอนเงิน,2-2 จองห้อง
RCP000766,,B106,1,400.0,โอนเงิน,2-2 จองห้อง
RCP000767,,B107,1,400.0,โอนเงิน,2-2 จองห้อง
RCP000768,,B108,1,400.0,โอนเงิน,2-2 จองห้อง
RCP000769,,A105,1,400.0,โอนเงิน,2-2 จองห้อง
RCP000770,,A105,1,400.0,โอนเงิน,2-2 จองห้อง
RCP000771,,A102,1,400.0,โอนเงิน,2-2 จองห้อง
RCP000772,,B108,1,400.0,โอนเงิน,2-2 จองห้อง
RCP000773,,A111,1,400.0,โอนเงิน,2-2 จองห้อง
RCP000774,,A101,1,400.0,โอนเงิน,2-2 จองห้อง
RCP000775,,B106,1,400.0,โอนเงิน,2-2 จองห้อง
RCP000776,,B105,1,400.0,โอนเงิน,2-2 จองห้อง
RCP000777,,B104,1,400.0,โอนเงิน,2-2 จองห้อง
RCP000778,,B103,1,400.0,โอนเงิน,2-2 จองห้อง
RCP000779,,B103,1,400.0,โอนเงิน,2-2 จองห้อง
RCP000780,,N7,1,500.0,โอนเงิน,2-2 จองห้อง
RCP000781,,A111,1,400.0,โอนเงิน,2-2 จองห้อง
RCP000782,,B102,1,400.0,โอนเงิน,2-2 จองห้อง
RCP000783,,A106,1,500.0,โอนเงิน,2-2 จองห้อง
RCP000784,,N7,1,500.0,โอนเงิน,2-2 จองห้อง
RCP000785,,B101,1,400.0,โอนเงิน,2-2 จองห้อง
RCP000786,,B208,2,400.0,โอนเงิน,2-2 จองห้อง
RCP000787,,B209,2,400.0,โอนเงิน,2-2 จองห้อง
RCP000788,,A101,1,400.0,โอนเงิน,2-2 จองห้อง
RCP000789,,A102,1,400.0,โอนเงิน,2-2 จองห้อง
RCP000790,,A104,1,400.0,โอนเงิน,2-2 จองห้อง
RCP000791,,A105,1,400.0,โอนเงิน,2-2 จองห้อง
RCP000792,,A103,1,400.0,โอนเงิน,2-2 จองห้อง
RCP000793,,A111,1,400.0,โอนเงิน,2-2 จองห้อง
RCP000794,,B203,2,400.0,โอนเงิน,2-2 จองห้อง
RCP000795,,B202,2,400.0,โอนเงิน,2-2 จองห้อง
RCP000796,,N7,1,500.0,โอนเงิน,2-2 จองห้อง
RCP000797,,B204,2,400.0,โอนเงิน,2-2 จองห้อง
RCP000798,,B105,1,400.0,โอนเงิน,2-2 จองห้อง
RCP000799,,B110,1,400.0,โอนเงิน,2-2 จองห้อง
RCP000800,,N2,1,500.0,โอนเงิน,2-2 จองห้อง
RCP000801,,B106,1,400.0,โอนเงิน,2-2 จองห้อง
RCP000802,,A111,1,400.0,โอนเงิน,2-2 จองห้อง
RCP000803,,A105,1,400.0,โอนเงิน,2-2 จองห้อง
RCP000804,,A111,1,400.0,โอนเงิน,2-2 จองห้อง
RCP000805,,A103,1,400.0,โอนเงิน,2-2 จองห้อง
RCP000806,,A101,1,400.0,โอนเงิน,2-2 จองห้อง
RCP000807,,A209,2,400.0,โอนเงิน,2-2 จองห้อง
RCP000808,,A210,2,400.0,โอนเงิน,2-2 จองห้อง
RCP000809,,B205,2,400.0,โอนเงิน,2-2 จองห้อง
RCP000810,,A105,1,400.0,โอนเงิน,2-2 จองห้อง
RCP000811,,A203,2,400.0,โอนเงิน,2-2 จองห้อง
RCP000812,,B210,2,400.0,โอนเงิน,2-2 จองห้อง
RCP000813,,B211,2,400.0,โอนเงิน,2-2 จองห้อง
RCP000814,,B201,2,400.0,โอนเงิน,2-2 จองห้อง
RCP000815,,B202,2,400.0,โอนเงิน,2-2 จองห้อง
RCP000816,,B203,2,400.0,โอนเงิน,2-2 จองห้อง
RCP000817,,N7,1,500.0,โอนเงิน,2-2 จองห้อง
RCP000818,,A101,1,400.0,โอนเงิน,2-2 จองห้อง
RCP000819,,B111,1,500.0,โอนเงิน,2-2 จองห้อง
RCP000820,,N6,1,600.0,โอนเงิน,2-2 จองห้อง
RCP000821,,N2,1,500.0,โอนเงิน,2-2 จองห้อง
RCP000822,,N3,1,500.0,โอนเงิน,2-2 จองห้อง
RCP000823,,A209,2,400.0,โอนเงิน,2-2 จองห้อง
RCP000824,,A210,2,400.0,โอนเงิน,2-2 จองห้อง
RCP000825,,B105,1,400.0,โอนเงิน,2-2 จองห้อง
RCP000826,,B106,1,400.0,โอนเงิน,2-2 จองห้อง
RCP000827,,B107,1,400.0,โอนเงิน,2-2 จองห้อง
RCP000828,,B101,1,400.0,โอนเงิน,2-2 จองห้อง
RCP000829,,B102,1,400.0,โอนเงิน,2-2 จองห้อง
RCP000830,,B103,1,400.0,โอนเงิน,2-2 จองห้อง
RCP000831,,B104,1,400.0,โอนเงิน,2-2 จองห้อง
RCP000832,,B105,1,400.0,โอนเงิน,2-2 จองห้อง
RCP000833,,B106,1,400.0,โอนเงิน,2-2 จองห้อง
RCP000834,,B107,1,400.0,โอนเงิน,2-2 จองห้อง
RCP000835,,A104,1,400.0,โอนเงิน,2-2 จองห้อง
RCP000836,,A111,1,400.0,โอนเงิน,2-2 จองห้อง
RCP000837,,N2,1,500.0,โอนเงิน,2-2 จองห้อง
RCP000838,,N7,1,500.0,โอนเงิน,2-2 จองห้อง
RCP000839,,A101,1,400.0,โอนเงิน,2-2 จองห้อง
RCP000840,,A102,1,400.0,โอนเงิน,2-2 จองห้อง
RCP000841,,N3,1,500.0,โอนเงิน,2-2 จองห้อง
RCP000842,,N2,1,500.0,โอนเงิน,2-2 จองห้อง
RCP000843,,B106,1,400.0,โอนเงิน,2-2 จองห้อง
RCP000844,,A111,1,400.0,โอนเงิน,2-2 จองห้อง
RCP000845,,B108,1,400.0,โอนเงิน,2-2 จองห้อง
RCP000846,,B109,1,400.0,โอนเงิน,2-2 จองห้อง
RCP000847,,B103,1,400.0,โอนเงิน,2-2 จองห้อง
RCP000848,,A103,1,400.0,โอนเงิน,2-2 จองห้อง
RCP000849,,A104,1,400.0,โอนเงิน,2-2 จองห้อง
RCP000850,,A105,1,400.0,โอนเงิน,2-2 จองห้อง
RCP000851,,B107,1,400.0,โอนเงิน,2-2 จองห้อง
RCP000852,,B108,1,400.0,โอนเงิน,2-2 จองห้อง
RCP000853,,B101,1,400.0,โอนเงิน,2-2 จองห้อง
RCP000854,,N7,1,500.0,โอนเงิน,2-2 จองห้อง
RCP000855,,N3,1,500.0,โอนเงิน,2-2 จองห้อง
RCP000856,,A101,1,400.0,โอนเงิน,2-2 จองห้อง
RCP000857,,A111,1,400.0,โอนเงิน,2-2 จองห้อง
RCP000858,,N2,1,500.0,โอนเงิน,2-2 จองห้อง
RCP000859,,N3,1,500.0,โอนเงิน,2-2 จองห้อง
RCP000860,,A103,1,400.0,โอนเงิน,2-2 จองห้อง
RCP000861,,A111,1,400.0,โอนเงิน,2-2 จองห้อง
RCP000862,,N2,1,500.0,โอนเงิน,2-2 จองห้อง
RCP000863,,N3,1,500.0,โอนเงิน,2-2 จองห้อง
RCP000864,,A105,1,400.0,โอนเงิน,2-2 จองห้อง
RCP000865,,A111,1,400.0,โอนเงิน,2-2 จองห้อง
RCP000866,,A104,1,400.0,โอนเงิน,2-2 จองห้อง
RCP000867,,A105,1,400.0,โอนเงิน,2-2 จองห้อง
RCP000868,,A106,1,500.0,โอนเงิน,2-2 จองห้อง
RCP000869,,A103,1,400.0,โอนเงิน,2-2 จองห้อง
RCP000870,,A102,1,400.0,โอนเงิน,2-2 จองห้อง
RCP000871,,N7,1,500.0,โอนเงิน,2-2 จองห้อง
RCP000872,,B105,1,400.0,โอนเงิน,2-2 จองห้อง
RCP000873,,B106,1,400.0,โอนเงิน,2-2 จองห้อง
RCP000874,,B107,1,400.0,โอนเงิน,2-2 จองห้อง
RCP000875,,B108,1,400.0,โอนเงิน,2-2 จองห้อง
RCP000876,,B109,1,400.0,โอนเงิน,2-2 จองห้อง
RCP000879,,A101,1,400.0,โอนเงิน,2-2 จองห้อง
RCP000880,,A101,1,400.0,โอนเงิน,2-2 จองห้อง
RCP000881,,A101,1,400.0,แชทบอท,2-2 จองห้อง
